taxonID,description,type,language
alien-herpetofauna-belgium:taxon:00173d67b213ebc5eb0c1a29b7e422dc,casual,degree of establishment,en
alien-herpetofauna-belgium:taxon:00173d67b213ebc5eb0c1a29b7e422dc,escape_pet | release_other,introduction pathway,en
alien-herpetofauna-belgium:taxon:00173d67b213ebc5eb0c1a29b7e422dc,Europe,native range,en
alien-herpetofauna-belgium:taxon:0071508c44f068ff6d46a00c66546945,casual,degree of establishment,en
alien-herpetofauna-belgium:taxon:0071508c44f068ff6d46a00c66546945,Europe,native range,en
alien-herpetofauna-belgium:taxon:04b8603a65a17134d98dc10e9b6460eb,casual,degree of establishment,en
alien-herpetofauna-belgium:taxon:04b8603a65a17134d98dc10e9b6460eb,escape_pet | release_other,introduction pathway,en
alien-herpetofauna-belgium:taxon:04b8603a65a17134d98dc10e9b6460eb,North America | South America,native range,en
alien-herpetofauna-belgium:taxon:0fe00308f2274b539fd7ffc022fec1ed,casual,degree of establishment,en
alien-herpetofauna-belgium:taxon:0fe00308f2274b539fd7ffc022fec1ed,escape_pet | release_other,introduction pathway,en
alien-herpetofauna-belgium:taxon:0fe00308f2274b539fd7ffc022fec1ed,Madagascar,native range,en
alien-herpetofauna-belgium:taxon:11f754026fc161e815b828b2126129f7,casual,degree of establishment,en
alien-herpetofauna-belgium:taxon:11f754026fc161e815b828b2126129f7,escape_pet | release_other,introduction pathway,en
alien-herpetofauna-belgium:taxon:11f754026fc161e815b828b2126129f7,North America,native range,en
alien-herpetofauna-belgium:taxon:120fce858323335c4bfb07eb99b687f4,casual,degree of establishment,en
alien-herpetofauna-belgium:taxon:120fce858323335c4bfb07eb99b687f4,stowaway_container,introduction pathway,en
alien-herpetofauna-belgium:taxon:120fce858323335c4bfb07eb99b687f4,Asia,native range,en
alien-herpetofauna-belgium:taxon:12f3f7396362d8052953e9d2e6a8bd6e,casual,degree of establishment,en
alien-herpetofauna-belgium:taxon:12f3f7396362d8052953e9d2e6a8bd6e,escape_pet | release_other,introduction pathway,en
alien-herpetofauna-belgium:taxon:12f3f7396362d8052953e9d2e6a8bd6e,North America,native range,en
alien-herpetofauna-belgium:taxon:134fe41ee2f30e5d1002761ef0c8a0d8,casual,degree of establishment,en
alien-herpetofauna-belgium:taxon:134fe41ee2f30e5d1002761ef0c8a0d8,escape_pet | release_other,introduction pathway,en
alien-herpetofauna-belgium:taxon:134fe41ee2f30e5d1002761ef0c8a0d8,Africa,native range,en
alien-herpetofauna-belgium:taxon:14a3424984726e6b79c45b3fd6c97d78,casual,degree of establishment,en
alien-herpetofauna-belgium:taxon:14a3424984726e6b79c45b3fd6c97d78,stowaway_container | escape_pet | release_other,introduction pathway,en
alien-herpetofauna-belgium:taxon:14a3424984726e6b79c45b3fd6c97d78,All continents except Antarctica,native range,en
alien-herpetofauna-belgium:taxon:14a886aa3e70d20c19b95089e84cf719,casual,degree of establishment,en
alien-herpetofauna-belgium:taxon:14a886aa3e70d20c19b95089e84cf719,escape_pet | release_other,introduction pathway,en
alien-herpetofauna-belgium:taxon:14a886aa3e70d20c19b95089e84cf719,North America | Central America,native range,en
alien-herpetofauna-belgium:taxon:1a241500ba58174cc3c9dddc61718d62,casual,degree of establishment,en
alien-herpetofauna-belgium:taxon:1a241500ba58174cc3c9dddc61718d62,escape_pet | release_other,introduction pathway,en
alien-herpetofauna-belgium:taxon:1a241500ba58174cc3c9dddc61718d62,North America,native range,en
alien-herpetofauna-belgium:taxon:1e37d2d11e5a99e56b782a719f85dbbb,casual,degree of establishment,en
alien-herpetofauna-belgium:taxon:1e37d2d11e5a99e56b782a719f85dbbb,escape_pet | release_other,introduction pathway,en
alien-herpetofauna-belgium:taxon:1e37d2d11e5a99e56b782a719f85dbbb,Eastern Asia,native range,en
alien-herpetofauna-belgium:taxon:233314dc80badae55523d41e038b3f2d,casual,degree of establishment,en
alien-herpetofauna-belgium:taxon:233314dc80badae55523d41e038b3f2d,escape_pet | release_other,introduction pathway,en
alien-herpetofauna-belgium:taxon:26b25c88b457341c87edb0dbca4bdcba,established,degree of establishment,en
alien-herpetofauna-belgium:taxon:26b25c88b457341c87edb0dbca4bdcba,stowaway_other,introduction pathway,en
alien-herpetofauna-belgium:taxon:26b25c88b457341c87edb0dbca4bdcba,Europe,native range,en
alien-herpetofauna-belgium:taxon:2e5a2ac12840e368cef4618039165c18,casual,degree of establishment,en
alien-herpetofauna-belgium:taxon:2e5a2ac12840e368cef4618039165c18,escape_pet | release_other,introduction pathway,en
alien-herpetofauna-belgium:taxon:2e5a2ac12840e368cef4618039165c18,Central America | South America,native range,en
alien-herpetofauna-belgium:taxon:2f3dc8f283b4402335d1911a9d948ccf,casual,degree of establishment,en
alien-herpetofauna-belgium:taxon:2f3dc8f283b4402335d1911a9d948ccf,escape_pet | release_other,introduction pathway,en
alien-herpetofauna-belgium:taxon:2f3dc8f283b4402335d1911a9d948ccf,North America,native range,en
alien-herpetofauna-belgium:taxon:3112354302992e3b2942412f18824a57,established,degree of establishment,en
alien-herpetofauna-belgium:taxon:3112354302992e3b2942412f18824a57,escape_pet | release_other,introduction pathway,en
alien-herpetofauna-belgium:taxon:3112354302992e3b2942412f18824a57,Eastern North America,native range,en
alien-herpetofauna-belgium:taxon:31c7a98de3048853f435c1f4a1ff6cd6,casual,degree of establishment,en
alien-herpetofauna-belgium:taxon:31c7a98de3048853f435c1f4a1ff6cd6,escape_pet | release_other,introduction pathway,en
alien-herpetofauna-belgium:taxon:31c7a98de3048853f435c1f4a1ff6cd6,USA,native range,en
alien-herpetofauna-belgium:taxon:33d0f7474bf65769f754a5684cafbd65,casual,degree of establishment,en
alien-herpetofauna-belgium:taxon:33d0f7474bf65769f754a5684cafbd65,Europe,native range,en
alien-herpetofauna-belgium:taxon:34578d09afa85247cfc1d1d993e85f23,casual,degree of establishment,en
alien-herpetofauna-belgium:taxon:34578d09afa85247cfc1d1d993e85f23,escape_pet | release_other,introduction pathway,en
alien-herpetofauna-belgium:taxon:34578d09afa85247cfc1d1d993e85f23,North America,native range,en
alien-herpetofauna-belgium:taxon:36180715bd5c03110cb4a4c0f46af524,casual,degree of establishment,en
alien-herpetofauna-belgium:taxon:36180715bd5c03110cb4a4c0f46af524,contaminant_timber,introduction pathway,en
alien-herpetofauna-belgium:taxon:36180715bd5c03110cb4a4c0f46af524,Africa,native range,en
alien-herpetofauna-belgium:taxon:3a8291f00819019004d5617b918c868a,casual,degree of establishment,en
alien-herpetofauna-belgium:taxon:3ccc27578f179093c30542a99baca746,casual,degree of establishment,en
alien-herpetofauna-belgium:taxon:3ccc27578f179093c30542a99baca746,escape_pet | release_other,introduction pathway,en
alien-herpetofauna-belgium:taxon:3ccc27578f179093c30542a99baca746,South America,native range,en
alien-herpetofauna-belgium:taxon:3e4d80d2440fca3c0bda8f579056cc62,casual,degree of establishment,en
alien-herpetofauna-belgium:taxon:3e4d80d2440fca3c0bda8f579056cc62,escape_pet | release_other,introduction pathway,en
alien-herpetofauna-belgium:taxon:3e4d80d2440fca3c0bda8f579056cc62,Australia,native range,en
alien-herpetofauna-belgium:taxon:41c58b038b49ee40c38efb46e5624186,casual,degree of establishment,en
alien-herpetofauna-belgium:taxon:41c58b038b49ee40c38efb46e5624186,escape_pet | release_other,introduction pathway,en
alien-herpetofauna-belgium:taxon:41c58b038b49ee40c38efb46e5624186,Asia,native range,en
alien-herpetofauna-belgium:taxon:43bd6596833aafe9e43b7301eb64318d,casual,degree of establishment,en
alien-herpetofauna-belgium:taxon:43bd6596833aafe9e43b7301eb64318d,stowaway_other,introduction pathway,en
alien-herpetofauna-belgium:taxon:43bd6596833aafe9e43b7301eb64318d,Europe | Africa,native range,en
alien-herpetofauna-belgium:taxon:45afdaecea5a48ec08a8d7eee568d63a,casual,degree of establishment,en
alien-herpetofauna-belgium:taxon:45afdaecea5a48ec08a8d7eee568d63a,Europe | Northern Africa,native range,en
alien-herpetofauna-belgium:taxon:468abc4fa7be8283dfdabafc557755f4,casual,degree of establishment,en
alien-herpetofauna-belgium:taxon:468abc4fa7be8283dfdabafc557755f4,escape_pet | release_other,introduction pathway,en
alien-herpetofauna-belgium:taxon:468abc4fa7be8283dfdabafc557755f4,North America,native range,en
alien-herpetofauna-belgium:taxon:4975c2c62a63e4383b1e9b6c849c60bf,casual,degree of establishment,en
alien-herpetofauna-belgium:taxon:4975c2c62a63e4383b1e9b6c849c60bf,escape_pet | release_other,introduction pathway,en
alien-herpetofauna-belgium:taxon:4975c2c62a63e4383b1e9b6c849c60bf,Africa,native range,en
alien-herpetofauna-belgium:taxon:4a32eb37dd44f83925f95e39ee2da0a0,casual,degree of establishment,en
alien-herpetofauna-belgium:taxon:4a32eb37dd44f83925f95e39ee2da0a0,escape_pet | release_other,introduction pathway,en
alien-herpetofauna-belgium:taxon:4a32eb37dd44f83925f95e39ee2da0a0,Europe | Africa | Asia,native range,en
alien-herpetofauna-belgium:taxon:51c001f265c9a71e54b3560f72b04361,casual,degree of establishment,en
alien-herpetofauna-belgium:taxon:51c001f265c9a71e54b3560f72b04361,stowaway_container,introduction pathway,en
alien-herpetofauna-belgium:taxon:51c001f265c9a71e54b3560f72b04361,Middle East | Central Asia,native range,en
alien-herpetofauna-belgium:taxon:584c397bee0d1e9af38cf6400a07af86,casual,degree of establishment,en
alien-herpetofauna-belgium:taxon:584c397bee0d1e9af38cf6400a07af86,escape_pet | release_other,introduction pathway,en
alien-herpetofauna-belgium:taxon:584c397bee0d1e9af38cf6400a07af86,Africa,native range,en
alien-herpetofauna-belgium:taxon:58e54c752ab1a10d28157e225f283408,casual,degree of establishment,en
alien-herpetofauna-belgium:taxon:58e54c752ab1a10d28157e225f283408,escape_pet | release_other,introduction pathway,en
alien-herpetofauna-belgium:taxon:58e54c752ab1a10d28157e225f283408,Central America,native range,en
alien-herpetofauna-belgium:taxon:59464973fe73bb7ce6c6f41b8db2c469,casual,degree of establishment,en
alien-herpetofauna-belgium:taxon:59464973fe73bb7ce6c6f41b8db2c469,escape_pet | release_other,introduction pathway,en
alien-herpetofauna-belgium:taxon:59464973fe73bb7ce6c6f41b8db2c469,North America,native range,en
alien-herpetofauna-belgium:taxon:5bc276d3137bc16f629b43e251aa6675,casual,degree of establishment,en
alien-herpetofauna-belgium:taxon:5bc276d3137bc16f629b43e251aa6675,escape_pet | release_other,introduction pathway,en
alien-herpetofauna-belgium:taxon:5bc276d3137bc16f629b43e251aa6675,Central America | South America,native range,en
alien-herpetofauna-belgium:taxon:5c173337ff181527acde9b275d17ae48,casual,degree of establishment,en
alien-herpetofauna-belgium:taxon:5c173337ff181527acde9b275d17ae48,escape_pet | release_other,introduction pathway,en
alien-herpetofauna-belgium:taxon:5c173337ff181527acde9b275d17ae48,Mexico | USA | Canada,native range,en
alien-herpetofauna-belgium:taxon:5f4c8aad83dea48eb1aadf0ac0b2bd08,casual,degree of establishment,en
alien-herpetofauna-belgium:taxon:5f4c8aad83dea48eb1aadf0ac0b2bd08,escape_pet | release_other,introduction pathway,en
alien-herpetofauna-belgium:taxon:5f4c8aad83dea48eb1aadf0ac0b2bd08,Europe,native range,en
alien-herpetofauna-belgium:taxon:615867d3e0f187d9543e375733aa2483,casual,degree of establishment,en
alien-herpetofauna-belgium:taxon:615867d3e0f187d9543e375733aa2483,stowaway_other,introduction pathway,en
alien-herpetofauna-belgium:taxon:615867d3e0f187d9543e375733aa2483,North America,native range,en
alien-herpetofauna-belgium:taxon:619409b42139334b2517e7b7f3024b48,casual,degree of establishment,en
alien-herpetofauna-belgium:taxon:619409b42139334b2517e7b7f3024b48,contaminant_timber,introduction pathway,en
alien-herpetofauna-belgium:taxon:619409b42139334b2517e7b7f3024b48,Europe | Africa,native range,en
alien-herpetofauna-belgium:taxon:688173963b84810187d7b83e39b2eaf4,casual,degree of establishment,en
alien-herpetofauna-belgium:taxon:688173963b84810187d7b83e39b2eaf4,escape_pet | release_other,introduction pathway,en
alien-herpetofauna-belgium:taxon:688173963b84810187d7b83e39b2eaf4,North America,native range,en
alien-herpetofauna-belgium:taxon:69c04e84e8c6abc981ad1c57068556cb,casual,degree of establishment,en
alien-herpetofauna-belgium:taxon:69c04e84e8c6abc981ad1c57068556cb,escape_research,introduction pathway,en
alien-herpetofauna-belgium:taxon:69c04e84e8c6abc981ad1c57068556cb,Africa,native range,en
alien-herpetofauna-belgium:taxon:6c4815cf6cffb1dc157c0eff5c4b4bb4,casual,degree of establishment,en
alien-herpetofauna-belgium:taxon:6c4815cf6cffb1dc157c0eff5c4b4bb4,stowaway_other,introduction pathway,en
alien-herpetofauna-belgium:taxon:6c4815cf6cffb1dc157c0eff5c4b4bb4,Europe,native range,en
alien-herpetofauna-belgium:taxon:708c65892ee9c610281537e9a4b2c11f,casual,degree of establishment,en
alien-herpetofauna-belgium:taxon:708c65892ee9c610281537e9a4b2c11f,escape_pet | release_other,introduction pathway,en
alien-herpetofauna-belgium:taxon:708c65892ee9c610281537e9a4b2c11f,Central America | South America,native range,en
alien-herpetofauna-belgium:taxon:74b25254434e727a0212512792e97d52,casual,degree of establishment,en
alien-herpetofauna-belgium:taxon:74b25254434e727a0212512792e97d52,escape_pet | release_other,introduction pathway,en
alien-herpetofauna-belgium:taxon:74b25254434e727a0212512792e97d52,North America,native range,en
alien-herpetofauna-belgium:taxon:7755fc64fafe2f680dc851e927acec8e,casual,degree of establishment,en
alien-herpetofauna-belgium:taxon:7755fc64fafe2f680dc851e927acec8e,stowaway_other,introduction pathway,en
alien-herpetofauna-belgium:taxon:7755fc64fafe2f680dc851e927acec8e,Europe | Asia,native range,en
alien-herpetofauna-belgium:taxon:792632118267d7cf07d4580725dc6db1,casual,degree of establishment,en
alien-herpetofauna-belgium:taxon:792632118267d7cf07d4580725dc6db1,Europe,native range,en
alien-herpetofauna-belgium:taxon:7adb36eb57a395c0809e0b8c554c5186,casual,degree of establishment,en
alien-herpetofauna-belgium:taxon:7adb36eb57a395c0809e0b8c554c5186,escape_pet | release_other,introduction pathway,en
alien-herpetofauna-belgium:taxon:7adb36eb57a395c0809e0b8c554c5186,Australia,native range,en
alien-herpetofauna-belgium:taxon:7b142018a287e0bcd4af825d5841c1fe,casual,degree of establishment,en
alien-herpetofauna-belgium:taxon:7b142018a287e0bcd4af825d5841c1fe,escape_pet | release_other,introduction pathway,en
alien-herpetofauna-belgium:taxon:7b142018a287e0bcd4af825d5841c1fe,North America,native range,en
alien-herpetofauna-belgium:taxon:7c135fd9079e223ad0ca34d4a62d80ec,casual,degree of establishment,en
alien-herpetofauna-belgium:taxon:7c135fd9079e223ad0ca34d4a62d80ec,stowaway_container,introduction pathway,en
alien-herpetofauna-belgium:taxon:7c135fd9079e223ad0ca34d4a62d80ec,Central America,native range,en
alien-herpetofauna-belgium:taxon:7e36f4d687be5db219fbfe1840caabad,casual,degree of establishment,en
alien-herpetofauna-belgium:taxon:7e36f4d687be5db219fbfe1840caabad,escape_pet | release_other,introduction pathway,en
alien-herpetofauna-belgium:taxon:7e36f4d687be5db219fbfe1840caabad,Africa,native range,en
alien-herpetofauna-belgium:taxon:7fb8eb61b344870fd5c213fb758ced9f,casual,degree of establishment,en
alien-herpetofauna-belgium:taxon:7fb8eb61b344870fd5c213fb758ced9f,escape_pet | release_other,introduction pathway,en
alien-herpetofauna-belgium:taxon:7fb8eb61b344870fd5c213fb758ced9f,North America,native range,en
alien-herpetofauna-belgium:taxon:8af8066994b713cf090e576eb71c0ec8,established,degree of establishment,en
alien-herpetofauna-belgium:taxon:8af8066994b713cf090e576eb71c0ec8,escape_pet | release_other,introduction pathway,en
alien-herpetofauna-belgium:taxon:8af8066994b713cf090e576eb71c0ec8,Asia,native range,en
alien-herpetofauna-belgium:taxon:8e6f5e68b5029ead23e06386a2ffe6a8,established,degree of establishment,en
alien-herpetofauna-belgium:taxon:8e6f5e68b5029ead23e06386a2ffe6a8,escape_pet | release_other,introduction pathway,en
alien-herpetofauna-belgium:taxon:8e6f5e68b5029ead23e06386a2ffe6a8,Eastern | Southeastern mediterranean basin,native range,en
alien-herpetofauna-belgium:taxon:8ede2894773606a7de58434a57249916,casual,degree of establishment,en
alien-herpetofauna-belgium:taxon:8ede2894773606a7de58434a57249916,escape_pet | release_other,introduction pathway,en
alien-herpetofauna-belgium:taxon:9103d24bd38c199b9bfb760a140d9c22,casual,degree of establishment,en
alien-herpetofauna-belgium:taxon:9103d24bd38c199b9bfb760a140d9c22,escape_pet | release_other,introduction pathway,en
alien-herpetofauna-belgium:taxon:9103d24bd38c199b9bfb760a140d9c22,North America,native range,en
alien-herpetofauna-belgium:taxon:93f032ef550764f09f06b824bfe26168,established,degree of establishment,en
alien-herpetofauna-belgium:taxon:93f032ef550764f09f06b824bfe26168,release_landscape_improvement,introduction pathway,en
alien-herpetofauna-belgium:taxon:93f032ef550764f09f06b824bfe26168,Iberia | Morocco,native range,en
alien-herpetofauna-belgium:taxon:942b9af8aae3ca69d2016d7960dc6956,casual,degree of establishment,en
alien-herpetofauna-belgium:taxon:942b9af8aae3ca69d2016d7960dc6956,escape_pet | release_other,introduction pathway,en
alien-herpetofauna-belgium:taxon:942b9af8aae3ca69d2016d7960dc6956,Eastern Asia,native range,en
alien-herpetofauna-belgium:taxon:97e0c3c6761da310202ce679ffb02f0e,established,degree of establishment,en
alien-herpetofauna-belgium:taxon:97e0c3c6761da310202ce679ffb02f0e,release_landscape_improvement | release_conservation,introduction pathway,en
alien-herpetofauna-belgium:taxon:97e0c3c6761da310202ce679ffb02f0e,Europe,native range,en
alien-herpetofauna-belgium:taxon:98508dcb90614aaaa27694fb8811b7f5,casual,degree of establishment,en
alien-herpetofauna-belgium:taxon:98508dcb90614aaaa27694fb8811b7f5,escape_pet | release_other,introduction pathway,en
alien-herpetofauna-belgium:taxon:98508dcb90614aaaa27694fb8811b7f5,Australia,native range,en
alien-herpetofauna-belgium:taxon:9934d40be84374769038fa5ad2b00afe,casual,degree of establishment,en
alien-herpetofauna-belgium:taxon:9934d40be84374769038fa5ad2b00afe,Europe | Africa | Middle East,native range,en
alien-herpetofauna-belgium:taxon:9c2b9edf5a172a0a478508f6222e219d,casual,degree of establishment,en
alien-herpetofauna-belgium:taxon:9c2b9edf5a172a0a478508f6222e219d,escape_pet | release_other,introduction pathway,en
alien-herpetofauna-belgium:taxon:9c2b9edf5a172a0a478508f6222e219d,Africa,native range,en
alien-herpetofauna-belgium:taxon:a2f6659d4f35ebf54be57458b7ff1e3a,casual,degree of establishment,en
alien-herpetofauna-belgium:taxon:a2f6659d4f35ebf54be57458b7ff1e3a,stowaway_container,introduction pathway,en
alien-herpetofauna-belgium:taxon:a2f6659d4f35ebf54be57458b7ff1e3a,Europe | Asia,native range,en
alien-herpetofauna-belgium:taxon:a3bfde56eee7e6b09c5248291b4951d4,casual,degree of establishment,en
alien-herpetofauna-belgium:taxon:a3bfde56eee7e6b09c5248291b4951d4,contaminant | nursery,introduction pathway,en
alien-herpetofauna-belgium:taxon:a3bfde56eee7e6b09c5248291b4951d4,North America,native range,en
alien-herpetofauna-belgium:taxon:a4c9bbe8492ef7ef785100821f0c72ec,casual,degree of establishment,en
alien-herpetofauna-belgium:taxon:a4c9bbe8492ef7ef785100821f0c72ec,escape_pet | release_other,introduction pathway,en
alien-herpetofauna-belgium:taxon:a4c9bbe8492ef7ef785100821f0c72ec,Australia,native range,en
alien-herpetofauna-belgium:taxon:a62288431e07ca1ed25a5197d12e85aa,casual,degree of establishment,en
alien-herpetofauna-belgium:taxon:a62288431e07ca1ed25a5197d12e85aa,escape_pet | release_other,introduction pathway,en
alien-herpetofauna-belgium:taxon:a62288431e07ca1ed25a5197d12e85aa,North America,native range,en
alien-herpetofauna-belgium:taxon:aad6c377da61735b1c5461e877edf03f,casual,degree of establishment,en
alien-herpetofauna-belgium:taxon:aad6c377da61735b1c5461e877edf03f,escape_pet | release_other,introduction pathway,en
alien-herpetofauna-belgium:taxon:aad6c377da61735b1c5461e877edf03f,Asia,native range,en
alien-herpetofauna-belgium:taxon:ae80a81ee4f076c202e981afd3d91ce4,casual,degree of establishment,en
alien-herpetofauna-belgium:taxon:ae80a81ee4f076c202e981afd3d91ce4,stowaway_other,introduction pathway,en
alien-herpetofauna-belgium:taxon:ae80a81ee4f076c202e981afd3d91ce4,Southern Europe,native range,en
alien-herpetofauna-belgium:taxon:af911b1a1272da9d074476a58015386f,casual,degree of establishment,en
alien-herpetofauna-belgium:taxon:af911b1a1272da9d074476a58015386f,stowaway_container,introduction pathway,en
alien-herpetofauna-belgium:taxon:af911b1a1272da9d074476a58015386f,Africa,native range,en
alien-herpetofauna-belgium:taxon:aff6ade6b4337dc7d013ff4a68cc6844,casual,degree of establishment,en
alien-herpetofauna-belgium:taxon:aff6ade6b4337dc7d013ff4a68cc6844,escape_pet | release_other,introduction pathway,en
alien-herpetofauna-belgium:taxon:aff6ade6b4337dc7d013ff4a68cc6844,North America,native range,en
alien-herpetofauna-belgium:taxon:b2b84c6800419a61f2ee3cfa5e307003,casual,degree of establishment,en
alien-herpetofauna-belgium:taxon:b2b84c6800419a61f2ee3cfa5e307003,escape_pet | release_other,introduction pathway,en
alien-herpetofauna-belgium:taxon:b2b84c6800419a61f2ee3cfa5e307003,USA | Mexico,native range,en
alien-herpetofauna-belgium:taxon:b3937580b3480bf2a7fb31d1264dd868,casual,degree of establishment,en
alien-herpetofauna-belgium:taxon:b3937580b3480bf2a7fb31d1264dd868,escape_pet | release_other,introduction pathway,en
alien-herpetofauna-belgium:taxon:b3937580b3480bf2a7fb31d1264dd868,Central America | South America,native range,en
alien-herpetofauna-belgium:taxon:b64e66af996f4badffe7af288c533eb9,casual,degree of establishment,en
alien-herpetofauna-belgium:taxon:b64e66af996f4badffe7af288c533eb9,escape_pet | release_other,introduction pathway,en
alien-herpetofauna-belgium:taxon:b64e66af996f4badffe7af288c533eb9,North America,native range,en
alien-herpetofauna-belgium:taxon:b6bf32ff95c447d093d9eb83b35e9698,casual,degree of establishment,en
alien-herpetofauna-belgium:taxon:b6bf32ff95c447d093d9eb83b35e9698,stowaway_container,introduction pathway,en
alien-herpetofauna-belgium:taxon:b6bf32ff95c447d093d9eb83b35e9698,Asia,native range,en
alien-herpetofauna-belgium:taxon:baa07d3d85472a0bd2764ace88c43d82,casual,degree of establishment,en
alien-herpetofauna-belgium:taxon:baa07d3d85472a0bd2764ace88c43d82,escape_pet | release_other,introduction pathway,en
alien-herpetofauna-belgium:taxon:baa07d3d85472a0bd2764ace88c43d82,Europe | Asia,native range,en
alien-herpetofauna-belgium:taxon:bac87166164a69df139f1528287ae5ae,casual,degree of establishment,en
alien-herpetofauna-belgium:taxon:bac87166164a69df139f1528287ae5ae,escape_pet | release_other,introduction pathway,en
alien-herpetofauna-belgium:taxon:bac87166164a69df139f1528287ae5ae,Europe | Asia,native range,en
alien-herpetofauna-belgium:taxon:bb4d2c2b43952801e5ee4aa52fdef223,casual,degree of establishment,en
alien-herpetofauna-belgium:taxon:bb4d2c2b43952801e5ee4aa52fdef223,escape_pet | release_other,introduction pathway,en
alien-herpetofauna-belgium:taxon:bb4d2c2b43952801e5ee4aa52fdef223,Europe,native range,en
alien-herpetofauna-belgium:taxon:bfcc3b0818bbb98a7b2ee4e54116386c,casual,degree of establishment,en
alien-herpetofauna-belgium:taxon:bfcc3b0818bbb98a7b2ee4e54116386c,escape_pet | release_other,introduction pathway,en
alien-herpetofauna-belgium:taxon:bfcc3b0818bbb98a7b2ee4e54116386c,North America,native range,en
alien-herpetofauna-belgium:taxon:c06d2716c21a95e2dfbee9d8b3e6f26d,casual,degree of establishment,en
alien-herpetofauna-belgium:taxon:c06d2716c21a95e2dfbee9d8b3e6f26d,escape_pet | release_other,introduction pathway,en
alien-herpetofauna-belgium:taxon:c06d2716c21a95e2dfbee9d8b3e6f26d,North America,native range,en
alien-herpetofauna-belgium:taxon:c0c9cd1c21da4c817adb6003f8bb5bd7,casual,degree of establishment,en
alien-herpetofauna-belgium:taxon:c0c9cd1c21da4c817adb6003f8bb5bd7,release_landscape_improvement | escape_pet,introduction pathway,en
alien-herpetofauna-belgium:taxon:c0c9cd1c21da4c817adb6003f8bb5bd7,Southern Europe,native range,en
alien-herpetofauna-belgium:taxon:c2da78106f71af0c16caa8376d4834d6,casual,degree of establishment,en
alien-herpetofauna-belgium:taxon:c2da78106f71af0c16caa8376d4834d6,Africa,native range,en
alien-herpetofauna-belgium:taxon:c53ba30dc2319c9f31d074420251f777,casual,degree of establishment,en
alien-herpetofauna-belgium:taxon:c53ba30dc2319c9f31d074420251f777,escape_pet | release_other,introduction pathway,en
alien-herpetofauna-belgium:taxon:c53ba30dc2319c9f31d074420251f777,North America,native range,en
alien-herpetofauna-belgium:taxon:c744d57c2c1a6dc9b72467bc066640c7,casual,degree of establishment,en
alien-herpetofauna-belgium:taxon:c744d57c2c1a6dc9b72467bc066640c7,escape_pet | release_other,introduction pathway,en
alien-herpetofauna-belgium:taxon:c744d57c2c1a6dc9b72467bc066640c7,Asia | Introduced elsewhere,native range,en
alien-herpetofauna-belgium:taxon:c853660656a6faf1dbf25b120a37fb69,casual,degree of establishment,en
alien-herpetofauna-belgium:taxon:c853660656a6faf1dbf25b120a37fb69,escape_pet | release_other,introduction pathway,en
alien-herpetofauna-belgium:taxon:c853660656a6faf1dbf25b120a37fb69,Asia,native range,en
alien-herpetofauna-belgium:taxon:cd7d2bda9bf91acd10f9b2c958621558,casual,degree of establishment,en
alien-herpetofauna-belgium:taxon:cd7d2bda9bf91acd10f9b2c958621558,escape_pet | release_other,introduction pathway,en
alien-herpetofauna-belgium:taxon:cd7d2bda9bf91acd10f9b2c958621558,Eastern Asia,native range,en
alien-herpetofauna-belgium:taxon:cec9b34e435dab7b703ae88b3c9c686b,casual,degree of establishment,en
alien-herpetofauna-belgium:taxon:cec9b34e435dab7b703ae88b3c9c686b,escape_pet | release_other,introduction pathway,en
alien-herpetofauna-belgium:taxon:cec9b34e435dab7b703ae88b3c9c686b,North America,native range,en
alien-herpetofauna-belgium:taxon:d10a2f81ec69b7de222c600d82d85c65,casual,degree of establishment,en
alien-herpetofauna-belgium:taxon:d10a2f81ec69b7de222c600d82d85c65,escape_pet | release_other,introduction pathway,en
alien-herpetofauna-belgium:taxon:d10a2f81ec69b7de222c600d82d85c65,North America | Central America| South America,native range,en
alien-herpetofauna-belgium:taxon:d4b7adfe4d5857a15e3a05b676398888,casual,degree of establishment,en
alien-herpetofauna-belgium:taxon:d4b7adfe4d5857a15e3a05b676398888,escape_pet | release_other,introduction pathway,en
alien-herpetofauna-belgium:taxon:d4b7adfe4d5857a15e3a05b676398888,North America,native range,en
alien-herpetofauna-belgium:taxon:d4e4618bd9c2f81c096cb372dd78b33d,casual,degree of establishment,en
alien-herpetofauna-belgium:taxon:d4e4618bd9c2f81c096cb372dd78b33d,escape_pet | release_other,introduction pathway,en
alien-herpetofauna-belgium:taxon:d4e4618bd9c2f81c096cb372dd78b33d,North America,native range,en
alien-herpetofauna-belgium:taxon:d72168ac44c60424d6781eb17fff357e,casual,degree of establishment,en
alien-herpetofauna-belgium:taxon:d72168ac44c60424d6781eb17fff357e,escape_pet | release_other,introduction pathway,en
alien-herpetofauna-belgium:taxon:d72168ac44c60424d6781eb17fff357e,Australia,native range,en
alien-herpetofauna-belgium:taxon:d98583b9eb43e884fdb10e6db7cf0d50,casual,degree of establishment,en
alien-herpetofauna-belgium:taxon:d98583b9eb43e884fdb10e6db7cf0d50,escape_pet | release_other,introduction pathway,en
alien-herpetofauna-belgium:taxon:d98583b9eb43e884fdb10e6db7cf0d50,Europe,native range,en
alien-herpetofauna-belgium:taxon:db2e5b8fb798afe736d22f7ae3c1a3e3,casual,degree of establishment,en
alien-herpetofauna-belgium:taxon:db2e5b8fb798afe736d22f7ae3c1a3e3,escape_pet | release_other,introduction pathway,en
alien-herpetofauna-belgium:taxon:de10c9dd3e8845310c5f50ba9677691e,casual,degree of establishment,en
alien-herpetofauna-belgium:taxon:de10c9dd3e8845310c5f50ba9677691e,escape_pet | release_other,introduction pathway,en
alien-herpetofauna-belgium:taxon:de10c9dd3e8845310c5f50ba9677691e,Madagascar,native range,en
alien-herpetofauna-belgium:taxon:df7a6aafcefb4823202aa3bfe6f8ad59,casual,degree of establishment,en
alien-herpetofauna-belgium:taxon:df7a6aafcefb4823202aa3bfe6f8ad59,Asia | Introduced elsewhere,native range,en
alien-herpetofauna-belgium:taxon:e2ebcc22f42f1657be8bd16ffcf20406,casual,degree of establishment,en
alien-herpetofauna-belgium:taxon:e2ebcc22f42f1657be8bd16ffcf20406,escape_pet | release_other,introduction pathway,en
alien-herpetofauna-belgium:taxon:e2ebcc22f42f1657be8bd16ffcf20406,North America,native range,en
alien-herpetofauna-belgium:taxon:e3183249eb168863b68db6b070f2b724,casual,degree of establishment,en
alien-herpetofauna-belgium:taxon:e3183249eb168863b68db6b070f2b724,escape_pet | release_other,introduction pathway,en
alien-herpetofauna-belgium:taxon:e3183249eb168863b68db6b070f2b724,Asia,native range,en
alien-herpetofauna-belgium:taxon:e4e0c83e09cbcdffaea058abdfcfb10d,casual,degree of establishment,en
alien-herpetofauna-belgium:taxon:e4e0c83e09cbcdffaea058abdfcfb10d,escape_pet | release_other,introduction pathway,en
alien-herpetofauna-belgium:taxon:e4e0c83e09cbcdffaea058abdfcfb10d,North America,native range,en
alien-herpetofauna-belgium:taxon:e718a5157d8df94fca60e574b75e76af,casual,degree of establishment,en
alien-herpetofauna-belgium:taxon:e718a5157d8df94fca60e574b75e76af,escape_pet | release_other,introduction pathway,en
alien-herpetofauna-belgium:taxon:e718a5157d8df94fca60e574b75e76af,Central America,native range,en
alien-herpetofauna-belgium:taxon:e8398ebb5bc90926dc173029b4791ee0,casual,degree of establishment,en
alien-herpetofauna-belgium:taxon:e8398ebb5bc90926dc173029b4791ee0,escape_pet | release_other,introduction pathway,en
alien-herpetofauna-belgium:taxon:e8398ebb5bc90926dc173029b4791ee0,Kenya | Uganda,native range,en
alien-herpetofauna-belgium:taxon:ef3160b26c1f70d22f528507d9946a05,casual,degree of establishment,en
alien-herpetofauna-belgium:taxon:ef3160b26c1f70d22f528507d9946a05,escape_pet | release_other,introduction pathway,en
alien-herpetofauna-belgium:taxon:ef3160b26c1f70d22f528507d9946a05,Europe | Asia,native range,en
alien-herpetofauna-belgium:taxon:efa6a6192af8fd2b5b8d4a1ea1b5f0e0,casual,degree of establishment,en
alien-herpetofauna-belgium:taxon:efa6a6192af8fd2b5b8d4a1ea1b5f0e0,escape_pet | release_other,introduction pathway,en
alien-herpetofauna-belgium:taxon:efa6a6192af8fd2b5b8d4a1ea1b5f0e0,Europe | Africa | Asia,native range,en
alien-herpetofauna-belgium:taxon:f071e3c4f985f734e14d7e4b72e971b9,casual,degree of establishment,en
alien-herpetofauna-belgium:taxon:f071e3c4f985f734e14d7e4b72e971b9,escape_pet | release_other,introduction pathway,en
alien-herpetofauna-belgium:taxon:f071e3c4f985f734e14d7e4b72e971b9,North America,native range,en
alien-herpetofauna-belgium:taxon:f3d0959a8575a4a52c8a211e5cc47340,established,degree of establishment,en
alien-herpetofauna-belgium:taxon:f3d0959a8575a4a52c8a211e5cc47340,stowaway_other | escape_pet | release_other,introduction pathway,en
alien-herpetofauna-belgium:taxon:f3d0959a8575a4a52c8a211e5cc47340,Europe | Asia,native range,en
alien-herpetofauna-belgium:taxon:f43bb2ef0ffab0a3694bd861aadfa309,casual,degree of establishment,en
alien-herpetofauna-belgium:taxon:f43bb2ef0ffab0a3694bd861aadfa309,escape_pet | release_other,introduction pathway,en
alien-herpetofauna-belgium:taxon:f43bb2ef0ffab0a3694bd861aadfa309,Middle east,native range,en
alien-herpetofauna-belgium:taxon:f449e769066c3570ca3f117256bb4198,casual,degree of establishment,en
alien-herpetofauna-belgium:taxon:f449e769066c3570ca3f117256bb4198,escape_pet | release_other,introduction pathway,en
alien-herpetofauna-belgium:taxon:f449e769066c3570ca3f117256bb4198,Africa,native range,en
alien-herpetofauna-belgium:taxon:f4561399bd74e378c067a6b25a55eaf7,casual,degree of establishment,en
alien-herpetofauna-belgium:taxon:f4561399bd74e378c067a6b25a55eaf7,Bahamas | Cuba | US | Introduced elsewhere,native range,en
alien-herpetofauna-belgium:taxon:f9b512426db4c11d2a70ba8845c078ac,casual,degree of establishment,en
alien-herpetofauna-belgium:taxon:f9b512426db4c11d2a70ba8845c078ac,escape_pet | release_other,introduction pathway,en
alien-herpetofauna-belgium:taxon:f9b512426db4c11d2a70ba8845c078ac,Africa,native range,en
alien-herpetofauna-belgium:taxon:fe3943e51c122fc7f07fc844afaa42a8,casual,degree of establishment,en
alien-herpetofauna-belgium:taxon:fe3943e51c122fc7f07fc844afaa42a8,escape_pet | release_other,introduction pathway,en
