taxonID,locationID,locality,countryCode,occurrenceStatus,establishmentMeans,degreeOfEstablishment,pathway,eventDate,source,occurrenceRemarks
alien-herpetofauna-belgium:taxon:00173d67b213ebc5eb0c1a29b7e422dc,ISO_3166-2:BE-BRU,Brussels-Capital Region,BE,present,introduced,casual,pet,1935/1935,"Weiserbs A. et Jacob J.-P. 2005. Amphibiens et Reptiles de la Région de Bruxelles-Capitale. Aves et Institut Bruxellois pour la Gestion de l’Environnement, Bruxelles. 107 pages.",
alien-herpetofauna-belgium:taxon:00173d67b213ebc5eb0c1a29b7e422dc,ISO_3166-2:BE-VLG,Flemish Region,BE,present,introduced,casual,pet,2013/2020,"Vanreusel W, Swinnen K, Gielen K, Vercayie D, Driessens G, Veraghtert W, Desmet P, Herremans M (2021). Waarnemingen.be - Non-native animal occurrences in Flanders and the Brussels Capital Region, Belgium. Version 1.25. Natuurpunt. Occurrence dataset https://doi.org/10.15468/k2aiak | Vogelbescherming Vlaanderen",
alien-herpetofauna-belgium:taxon:00173d67b213ebc5eb0c1a29b7e422dc,ISO_3166-2:BE-WAL,Walloon Region,BE,present,introduced,casual,pet,,Natagora,
alien-herpetofauna-belgium:taxon:0071508c44f068ff6d46a00c66546945,ISO_3166-2:BE-BRU,Brussels-Capital Region,BE,present,introduced,casual,,1894/1967,"Weiserbs A. et Jacob J.-P. 2005. Amphibiens et Reptiles de la Région de Bruxelles-Capitale. Aves et Institut Bruxellois pour la Gestion de l’Environnement, Bruxelles. 107 pages.",
alien-herpetofauna-belgium:taxon:0071508c44f068ff6d46a00c66546945,ISO_3166-2:BE-VLG,Flemish Region,BE,present,introduced,casual,,2010/2023,Vogelbescherming Vlaanderen,
alien-herpetofauna-belgium:taxon:04b8603a65a17134d98dc10e9b6460eb,ISO_3166-2:BE-VLG,Flemish Region,BE,present,introduced,casual,pet,2011/2014,Vogelbescherming Vlaanderen,
alien-herpetofauna-belgium:taxon:0fe00308f2274b539fd7ffc022fec1ed,ISO_3166-2:BE-VLG,Flemish Region,BE,present,introduced,casual,pet,2015/2015,SOS reptiel,
alien-herpetofauna-belgium:taxon:120fce858323335c4bfb07eb99b687f4,ISO_3166-2:BE-BRU,Brussels-Capital Region,BE,present,introduced,casual,containerBulk,2018/2018,SOS reptiel,
alien-herpetofauna-belgium:taxon:120fce858323335c4bfb07eb99b687f4,ISO_3166-2:BE-VLG,Flemish Region,BE,present,introduced,casual,,2022/2022,https://waarnemingen.be/observation/256636763/,
alien-herpetofauna-belgium:taxon:12f3f7396362d8052953e9d2e6a8bd6e,ISO_3166-2:BE-WAL,Walloon Region,BE,present,introduced,casual,pet,2019/2019,https://www.rtlnieuws.nl/nieuws/buitenland/artikel/4874306/belgische-brandweer-vindt-slangen-van-het-meest-giftige-soort,
alien-herpetofauna-belgium:taxon:134fe41ee2f30e5d1002761ef0c8a0d8,ISO_3166-2:BE-VLG,Flemish Region,BE,present,introduced,casual,pet,2010/2019,Vogelbescherming Vlaanderen,
alien-herpetofauna-belgium:taxon:14a3424984726e6b79c45b3fd6c97d78,ISO_3166-2:BE-VLG,Flemish Region,BE,present,introduced,casual,containerBulk,2011/2019,SOS reptiel | Vogelbescherming Vlaanderen,
alien-herpetofauna-belgium:taxon:14a3424984726e6b79c45b3fd6c97d78,ISO_3166-2:BE-VLG,Flemish Region,BE,present,introduced,casual,pet,2011/2019,SOS reptiel | Vogelbescherming Vlaanderen,
alien-herpetofauna-belgium:taxon:17d5724bed39b179f4f21452ee844661,ISO_3166-2:BE-BRU,Brussels-Capital Region,BE,present,introduced,casual,pet,2005/2005,"Weiserbs A. et Jacob J.-P. 2005. Amphibiens et Reptiles de la Région de Bruxelles-Capitale. Aves et Institut Bruxellois pour la Gestion de l’Environnement, Bruxelles. 107 pages.",
alien-herpetofauna-belgium:taxon:19be076d4a60880bd384f6fe7e9396ce,ISO_3166-2:BE-VLG,Flemish Region,BE,present,introduced,casual,containerBulk,2023/2023,SOS reptiel,
alien-herpetofauna-belgium:taxon:1c8f3f90a4cdd84406d1687b5201e21a,ISO_3166-2:BE-BRU,Brussels-Capital Region,BE,present,introduced,casual,pet,1970/1970,"Weiserbs A. et Jacob J.-P. 2005. Amphibiens et Reptiles de la Région de Bruxelles-Capitale. Aves et Institut Bruxellois pour la Gestion de l’Environnement, Bruxelles. 107 pages.",
alien-herpetofauna-belgium:taxon:1db6c894eb9bac300bb01063be04721f,ISO_3166-2:BE-VLG,Flemish Region,BE,present,introduced,casual,containerBulk,2021/2022,SOS reptiel,
alien-herpetofauna-belgium:taxon:1e37d2d11e5a99e56b782a719f85dbbb,ISO_3166-2:BE-VLG,Flemish Region,BE,present,introduced,casual,pet,2012/2015,SOS reptiel | Vogelbescherming Vlaanderen,
alien-herpetofauna-belgium:taxon:219f5fd2da69430a0f8475eb5390f670,ISO_3166-2:BE-VLG,Flemish Region,BE,present,introduced,casual,pet,2005/2018,"Vanreusel W, Swinnen K, Gielen K, Vercayie D, Driessens G, Veraghtert W, Desmet P, Herremans M (2021). Waarnemingen.be - Non-native animal occurrences in Flanders and the Brussels Capital Region, Belgium. Version 1.25. Natuurpunt. Occurrence dataset https://doi.org/10.15468/k2aiak | Vogelbescherming Vlaanderen",
alien-herpetofauna-belgium:taxon:233314dc80badae55523d41e038b3f2d,ISO_3166-2:BE-VLG,Flemish Region,BE,present,introduced,casual,pet,2010/2019,Vogelbescherming Vlaanderen,
alien-herpetofauna-belgium:taxon:26b25c88b457341c87edb0dbca4bdcba,ISO_3166-2:BE-BRU,Brussels-Capital Region,BE,present,introduced,established,otherTransport,1970/2024,"Jooris, R. & Lehouck, M. (2007). De Muurhagedis in Vlaanderen. Natuur.focus 6(4):123-129",presumably introduced as stowaway in transport of goods per train
alien-herpetofauna-belgium:taxon:26b25c88b457341c87edb0dbca4bdcba,ISO_3166-2:BE-VLG,Flemish Region,BE,present,introduced,colonising,otherTransport,2004/2024,"Jooris, R. & Lehouck, M. (2007). De Muurhagedis in Vlaanderen. Natuur.focus 6(4):123-129 | Vogelbescherming Vlaanderen",presumably introduced as stowaway in transport of goods per train
alien-herpetofauna-belgium:taxon:2b5333bc423aaa15491b8575fbffe5b8,ISO_3166-2:BE-VLG,Flemish Region,BE,present,introduced,casual,pet,2019/2020,https://www.natuurhulpcentrum.be/slang-gevangen-in-tongeren/ | SOS reptiel,
alien-herpetofauna-belgium:taxon:2e5a2ac12840e368cef4618039165c18,ISO_3166-2:BE-VLG,Flemish Region,BE,present,introduced,casual,pet,2012/2015,Vogelbescherming Vlaanderen,
alien-herpetofauna-belgium:taxon:2f3dc8f283b4402335d1911a9d948ccf,ISO_3166-2:BE-BRU,Brussels-Capital Region,BE,present,introduced,casual,pet,2010/2024,"Vanreusel W, Swinnen K, Gielen K, Vercayie D, Driessens G, Veraghtert W, Desmet P, Herremans M (2021). Waarnemingen.be - Non-native animal occurrences in Flanders and the Brussels Capital Region, Belgium. Version 1.25. Natuurpunt. Occurrence dataset https://doi.org/10.15468/k2aiak",
alien-herpetofauna-belgium:taxon:2f3dc8f283b4402335d1911a9d948ccf,ISO_3166-2:BE-VLG,Flemish Region,BE,present,introduced,casual,pet,1997/2024,"Vanreusel W, Swinnen K, Gielen K, Vercayie D, Driessens G, Veraghtert W, Desmet P, Herremans M (2021). Waarnemingen.be - Non-native animal occurrences in Flanders and the Brussels Capital Region, Belgium. Version 1.25. Natuurpunt. Occurrence dataset https://doi.org/10.15468/k2aiak | Vogelbescherming Vlaanderen",
alien-herpetofauna-belgium:taxon:2f3dc8f283b4402335d1911a9d948ccf,ISO_3166-2:BE-WAL,Walloon Region,BE,present,introduced,casual,pet,2010/2024,Natagora,
alien-herpetofauna-belgium:taxon:3112354302992e3b2942412f18824a57,ISO_3166-2:BE-VLG,Flemish Region,BE,present,introduced,widespreadInvasive,pet,1996/2024,"Adriaens et al. 2013 | Vanreusel W, Swinnen K, Gielen K, Vercayie D, Driessens G, Veraghtert W, Desmet P, Herremans M (2021). Waarnemingen.be - Non-native animal occurrences in Flanders and the Brussels Capital Region, Belgium. Version 1.25. Natuurpunt. Occurrence dataset https://doi.org/10.15468/k2aiak",
alien-herpetofauna-belgium:taxon:3112354302992e3b2942412f18824a57,ISO_3166-2:BE-WAL,Walloon Region,BE,present,introduced,established,pet,1992/2020,Natagora,
alien-herpetofauna-belgium:taxon:31c7a98de3048853f435c1f4a1ff6cd6,ISO_3166-2:BE-VLG,Flemish Region,BE,present,introduced,casual,pet,2013/2013,Vogelbescherming Vlaanderen,
alien-herpetofauna-belgium:taxon:33d0f7474bf65769f754a5684cafbd65,ISO_3166-2:BE-VLG,Flemish Region,BE,present,introduced,casual,,2017/2023,Firsthand accounts,
alien-herpetofauna-belgium:taxon:3737f12a33d40b40327ca5d47e5ef512,ISO_3166-2:BE-VLG,Flemish Region,BE,present,introduced,casual,containerBulk,2023/2023,SOS reptiel,
alien-herpetofauna-belgium:taxon:3a8291f00819019004d5617b918c868a,ISO_3166-2:BE-VLG,Flemish Region,BE,present,introduced,casual,containerBulk,2013/2018,Vogelbescherming Vlaanderen,
alien-herpetofauna-belgium:taxon:3a8291f00819019004d5617b918c868a,ISO_3166-2:BE-VLG,Flemish Region,BE,present,introduced,casual,otherTransport,2013/2018,Vogelbescherming Vlaanderen,
alien-herpetofauna-belgium:taxon:3a8291f00819019004d5617b918c868a,ISO_3166-2:BE-VLG,Flemish Region,BE,present,introduced,casual,contaminantNursery,2013/2018,Vogelbescherming Vlaanderen,
alien-herpetofauna-belgium:taxon:3ccc27578f179093c30542a99baca746,ISO_3166-2:BE-VLG,Flemish Region,BE,present,introduced,casual,pet,2006/2023,https://www.hln.be/dentergem/man-ontdekt-boa-constrictor-in-zijn-dakgoot-slang-blijkt-ontsnapt-bij-de-buren~a13151f6/ | Vogelbescherming Vlaanderen,
alien-herpetofauna-belgium:taxon:3ccc27578f179093c30542a99baca746,ISO_3166-2:BE-VLG,Flemish Region,BE,present,introduced,casual,containerBulk,2006/2023,https://www.hln.be/dentergem/man-ontdekt-boa-constrictor-in-zijn-dakgoot-slang-blijkt-ontsnapt-bij-de-buren~a13151f6/ | Vogelbescherming Vlaanderen,
alien-herpetofauna-belgium:taxon:3ccc27578f179093c30542a99baca746,ISO_3166-2:BE-WAL,Walloon Region,BE,present,introduced,casual,pet,2022/2022,Natagora,
alien-herpetofauna-belgium:taxon:3e4d80d2440fca3c0bda8f579056cc62,ISO_3166-2:BE-VLG,Flemish Region,BE,present,introduced,casual,pet,2020/2020,SOS reptiel,
alien-herpetofauna-belgium:taxon:41c58b038b49ee40c38efb46e5624186,ISO_3166-2:BE-VLG,Flemish Region,BE,present,introduced,casual,pet,2009/2019,"Vanreusel W, Swinnen K, Gielen K, Vercayie D, Driessens G, Veraghtert W, Desmet P, Herremans M (2021). Waarnemingen.be - Non-native animal occurrences in Flanders and the Brussels Capital Region, Belgium. Version 1.25. Natuurpunt. Occurrence dataset https://doi.org/10.15468/k2aiak",
alien-herpetofauna-belgium:taxon:425d86ee7e1d902b67a68e0b5b8d9c9a,ISO_3166-2:BE-VLG,Flemish Region,BE,present,introduced,casual,containerBulk,2021/2021,SOS reptiel,
alien-herpetofauna-belgium:taxon:43bd6596833aafe9e43b7301eb64318d,ISO_3166-2:BE-VLG,Flemish Region,BE,present,introduced,casual,otherTransport,2013/2024,"Vanreusel W, Swinnen K, Gielen K, Vercayie D, Driessens G, Veraghtert W, Desmet P, Herremans M (2021). Waarnemingen.be - Non-native animal occurrences in Flanders and the Brussels Capital Region, Belgium. Version 1.25. Natuurpunt. Occurrence dataset https://doi.org/10.15468/k2aiak | Vogelbescherming Vlaanderen",
alien-herpetofauna-belgium:taxon:43bd6596833aafe9e43b7301eb64318d,ISO_3166-2:BE-WAL,Walloon Region,BE,present,introduced,casual,,2015/2018,Natagora,
alien-herpetofauna-belgium:taxon:45afdaecea5a48ec08a8d7eee568d63a,ISO_3166-2:BE-VLG,Flemish Region,BE,present,introduced,casual,contaminantNursery,2020/2024,SOS reptiel | Own observation,
alien-herpetofauna-belgium:taxon:468abc4fa7be8283dfdabafc557755f4,ISO_3166-2:BE-BRU,Brussels-Capital Region,BE,present,introduced,casual,pet,2012/2024,"Vanreusel W, Swinnen K, Gielen K, Vercayie D, Driessens G, Veraghtert W, Desmet P, Herremans M (2021). Waarnemingen.be - Non-native animal occurrences in Flanders and the Brussels Capital Region, Belgium. Version 1.25. Natuurpunt. Occurrence dataset https://doi.org/10.15468/k2aiak",
alien-herpetofauna-belgium:taxon:468abc4fa7be8283dfdabafc557755f4,ISO_3166-2:BE-VLG,Flemish Region,BE,present,introduced,casual,pet,2003/2024,"Vanreusel W, Swinnen K, Gielen K, Vercayie D, Driessens G, Veraghtert W, Desmet P, Herremans M (2021). Waarnemingen.be - Non-native animal occurrences in Flanders and the Brussels Capital Region, Belgium. Version 1.25. Natuurpunt. Occurrence dataset https://doi.org/10.15468/k2aiak | Vogelbescherming Vlaanderen",
alien-herpetofauna-belgium:taxon:468abc4fa7be8283dfdabafc557755f4,ISO_3166-2:BE-WAL,Walloon Region,BE,present,introduced,casual,pet,2018/2024,Natagora,
alien-herpetofauna-belgium:taxon:4975c2c62a63e4383b1e9b6c849c60bf,ISO_3166-2:BE-VLG,Flemish Region,BE,present,introduced,casual,pet,2020/2020,SOS reptiel,
alien-herpetofauna-belgium:taxon:4a32eb37dd44f83925f95e39ee2da0a0,ISO_3166-2:BE-BRU,Brussels-Capital Region,BE,present,introduced,casual,pet,1990/2024,Own observation,
alien-herpetofauna-belgium:taxon:4a32eb37dd44f83925f95e39ee2da0a0,ISO_3166-2:BE-VLG,Flemish Region,BE,present,introduced,casual,pet,2010/2024,"Vanreusel W, Swinnen K, Gielen K, Vercayie D, Driessens G, Veraghtert W, Desmet P, Herremans M (2021). Waarnemingen.be - Non-native animal occurrences in Flanders and the Brussels Capital Region, Belgium. Version 1.25. Natuurpunt. Occurrence dataset https://doi.org/10.15468/k2aiak",
alien-herpetofauna-belgium:taxon:4a32eb37dd44f83925f95e39ee2da0a0,ISO_3166-2:BE-WAL,Walloon Region,BE,present,introduced,casual,pet,2021/2024,Natagora,
alien-herpetofauna-belgium:taxon:4ce7318f8fdf13ef348aaf364126913d,ISO_3166-2:BE-VLG,Flemish Region,BE,present,introduced,casual,pet,2010/2019,"Vanreusel W, Swinnen K, Gielen K, Vercayie D, Driessens G, Veraghtert W, Desmet P, Herremans M (2021). Waarnemingen.be - Non-native animal occurrences in Flanders and the Brussels Capital Region, Belgium. Version 1.25. Natuurpunt. Occurrence dataset https://doi.org/10.15468/k2aiak | Vogelbescherming Vlaanderen",
alien-herpetofauna-belgium:taxon:51c001f265c9a71e54b3560f72b04361,ISO_3166-2:BE-BRU,Brussels-Capital Region,BE,present,introduced,casual,containerBulk,2017/2017,"Jooris, R. & Lehouck, M. (2007). De Muurhagedis in Vlaanderen. Natuur.focus 6(4):123-129 | SOS reptiel",Container with stone from India
alien-herpetofauna-belgium:taxon:535325733bc0d2de792c94db229f6236,ISO_3166-2:BE-BRU,Brussels-Capital Region,BE,present,introduced,casual,otherTransport,2018/2018,"Graitson, Paquet and Verbelen, 2021",
alien-herpetofauna-belgium:taxon:584c397bee0d1e9af38cf6400a07af86,ISO_3166-2:BE-VLG,Flemish Region,BE,present,introduced,casual,pet,2015/2015,Vogelbescherming Vlaanderen,
alien-herpetofauna-belgium:taxon:58e54c752ab1a10d28157e225f283408,ISO_3166-2:BE-VLG,Flemish Region,BE,present,introduced,casual,pet,2017/2023,"Vanreusel W, Swinnen K, Gielen K, Vercayie D, Driessens G, Veraghtert W, Desmet P, Herremans M (2021). Waarnemingen.be - Non-native animal occurrences in Flanders and the Brussels Capital Region, Belgium. Version 1.25. Natuurpunt. Occurrence dataset https://doi.org/10.15468/k2aiak",
alien-herpetofauna-belgium:taxon:59464973fe73bb7ce6c6f41b8db2c469,ISO_3166-2:BE-BRU,Brussels-Capital Region,BE,present,introduced,casual,pet,2009/2024,"Vanreusel W, Swinnen K, Gielen K, Vercayie D, Driessens G, Veraghtert W, Desmet P, Herremans M (2021). Waarnemingen.be - Non-native animal occurrences in Flanders and the Brussels Capital Region, Belgium. Version 1.25. Natuurpunt. Occurrence dataset https://doi.org/10.15468/k2aiak",
alien-herpetofauna-belgium:taxon:59464973fe73bb7ce6c6f41b8db2c469,ISO_3166-2:BE-VLG,Flemish Region,BE,present,introduced,casual,pet,1975/2024,"Vanreusel W, Swinnen K, Gielen K, Vercayie D, Driessens G, Veraghtert W, Desmet P, Herremans M (2021). Waarnemingen.be - Non-native animal occurrences in Flanders and the Brussels Capital Region, Belgium. Version 1.25. Natuurpunt. Occurrence dataset https://doi.org/10.15468/k2aiak | Vogelbescherming Vlaanderen",
alien-herpetofauna-belgium:taxon:59464973fe73bb7ce6c6f41b8db2c469,ISO_3166-2:BE-WAL,Walloon Region,BE,present,introduced,casual,pet,2009/2024,Natagora,
alien-herpetofauna-belgium:taxon:5bc276d3137bc16f629b43e251aa6675,ISO_3166-2:BE-VLG,Flemish Region,BE,present,introduced,casual,pet,2010/2019,"Vanreusel W, Swinnen K, Gielen K, Vercayie D, Driessens G, Veraghtert W, Desmet P, Herremans M (2021). Waarnemingen.be - Non-native animal occurrences in Flanders and the Brussels Capital Region, Belgium. Version 1.25. Natuurpunt. Occurrence dataset https://doi.org/10.15468/k2aiak | Vogelbescherming Vlaanderen",
alien-herpetofauna-belgium:taxon:5c173337ff181527acde9b275d17ae48,ISO_3166-2:BE-VLG,Flemish Region,BE,present,introduced,casual,pet,2010/2010,Vogelbescherming Vlaanderen,
alien-herpetofauna-belgium:taxon:5f4c8aad83dea48eb1aadf0ac0b2bd08,ISO_3166-2:BE-VLG,Flemish Region,BE,present,introduced,casual,pet,2017/2017,"Vanreusel W, Swinnen K, Gielen K, Vercayie D, Driessens G, Veraghtert W, Desmet P, Herremans M (2021). Waarnemingen.be - Non-native animal occurrences in Flanders and the Brussels Capital Region, Belgium. Version 1.25. Natuurpunt. Occurrence dataset https://doi.org/10.15468/k2aiak",
alien-herpetofauna-belgium:taxon:609517e9bd98fdd425bbe64828941c99,ISO_3166-2:BE-VLG,Flemish Region,BE,present,introduced,casual,containerBulk,2015/2015,https://waarnemingen.be/observation/109769235/,
alien-herpetofauna-belgium:taxon:60d51d0f7f3382357f18763b8d972943,ISO_3166-2:BE-VLG,Flemish Region,BE,present,introduced,casual,pet,2005/2018,"Vanreusel W, Swinnen K, Gielen K, Vercayie D, Driessens G, Veraghtert W, Desmet P, Herremans M (2021). Waarnemingen.be - Non-native animal occurrences in Flanders and the Brussels Capital Region, Belgium. Version 1.25. Natuurpunt. Occurrence dataset https://doi.org/10.15468/k2aiak | Vogelbescherming Vlaanderen",
alien-herpetofauna-belgium:taxon:615867d3e0f187d9543e375733aa2483,ISO_3166-2:BE-VLG,Flemish Region,BE,present,introduced,casual,otherTransport,2014/2014,SOS reptiel,in eel shipment
alien-herpetofauna-belgium:taxon:619409b42139334b2517e7b7f3024b48,ISO_3166-2:BE-BRU,Brussels-Capital Region,BE,present,introduced,casual,,1967/1967,"Weiserbs A. et Jacob J.-P. 2005. Amphibiens et Reptiles de la Région de Bruxelles-Capitale. Aves et Institut Bruxellois pour la Gestion de l’Environnement, Bruxelles. 107 pages.",
alien-herpetofauna-belgium:taxon:619409b42139334b2517e7b7f3024b48,ISO_3166-2:BE-VLG,Flemish Region,BE,present,introduced,casual,timberTrade,2015/2019,Hyla database,Eke - Schelde Eke - Schelde t.h.v. Bolveerput (OV)
alien-herpetofauna-belgium:taxon:688173963b84810187d7b83e39b2eaf4,ISO_3166-2:BE-VLG,Flemish Region,BE,present,introduced,casual,pet,2020/2020,"Vanreusel W, Swinnen K, Gielen K, Vercayie D, Driessens G, Veraghtert W, Desmet P, Herremans M (2021). Waarnemingen.be - Non-native animal occurrences in Flanders and the Brussels Capital Region, Belgium. Version 1.25. Natuurpunt. Occurrence dataset https://doi.org/10.15468/k2aiak",
alien-herpetofauna-belgium:taxon:69c04e84e8c6abc981ad1c57068556cb,ISO_3166-2:BE-VLG,Flemish Region,BE,present,introduced,colonising,research,2006/2024,"Hyla database | Vogelbescherming Vlaanderen | Vanreusel W, Swinnen K, Gielen K, Vercayie D, Driessens G, Veraghtert W, Desmet P, Herremans M (2021). Waarnemingen.be - Non-native animal occurrences in Flanders and the Brussels Capital Region, Belgium. Version 1.25. Natuurpunt. Occurrence dataset https://doi.org/10.15468/k2aiak","campus Drie Eiken Antwerp University, pond with 30 larvae, obs. Bart Vervust"
alien-herpetofauna-belgium:taxon:69c04e84e8c6abc981ad1c57068556cb,ISO_3166-2:BE-VLG,Flemish Region,BE,present,introduced,colonising,pet,2006/2024,"Hyla database | Vogelbescherming Vlaanderen | Vanreusel W, Swinnen K, Gielen K, Vercayie D, Driessens G, Veraghtert W, Desmet P, Herremans M (2021). Waarnemingen.be - Non-native animal occurrences in Flanders and the Brussels Capital Region, Belgium. Version 1.25. Natuurpunt. Occurrence dataset https://doi.org/10.15468/k2aiak","campus Drie Eiken Antwerp University, pond with 30 larvae, obs. Bart Vervust"
alien-herpetofauna-belgium:taxon:69c04e84e8c6abc981ad1c57068556cb,ISO_3166-2:BE-WAL,Walloon Region,BE,present,introduced,colonising,research,2006/2024,Natagora,
alien-herpetofauna-belgium:taxon:69c04e84e8c6abc981ad1c57068556cb,ISO_3166-2:BE-WAL,Walloon Region,BE,present,introduced,colonising,pet,2006/2024,Natagora,
alien-herpetofauna-belgium:taxon:6c4815cf6cffb1dc157c0eff5c4b4bb4,ISO_3166-2:BE-VLG,Flemish Region,BE,present,introduced,casual,otherTransport,2007/2007,https://www.natuurhulpcentrum.be/giftige-aspisadder-reist-mee-naar-belgie--2/,
alien-herpetofauna-belgium:taxon:70293e0e1a8626d282e2ce4fa38ab7c9,ISO_3166-2:BE-WAL,Walloon Region,BE,present,introduced,casual,otherTransport,2011/2011,https://rainne.natagora.be/fileadmin/Rainne/Echo_des_rainettes/EDR_septembre_12.pdf,
alien-herpetofauna-belgium:taxon:708c65892ee9c610281537e9a4b2c11f,ISO_3166-2:BE-VLG,Flemish Region,BE,present,introduced,casual,pet,2010/2017,Vogelbescherming Vlaanderen,
alien-herpetofauna-belgium:taxon:74b25254434e727a0212512792e97d52,ISO_3166-2:BE-BRU,Brussels-Capital Region,BE,present,introduced,casual,pet,2018/2018,"Vanreusel W, Swinnen K, Gielen K, Vercayie D, Driessens G, Veraghtert W, Desmet P, Herremans M (2021). Waarnemingen.be - Non-native animal occurrences in Flanders and the Brussels Capital Region, Belgium. Version 1.25. Natuurpunt. Occurrence dataset https://doi.org/10.15468/k2aiak",
alien-herpetofauna-belgium:taxon:74b25254434e727a0212512792e97d52,ISO_3166-2:BE-VLG,Flemish Region,BE,present,introduced,casual,pet,2018/2018,https://www.gbif.org/occurrence/download/0055570-200613084148143,
alien-herpetofauna-belgium:taxon:7755fc64fafe2f680dc851e927acec8e,ISO_3166-2:BE-BRU,Brussels-Capital Region,BE,present,introduced,casual,,1962/1962,"Weiserbs A. et Jacob J.-P. 2005. Amphibiens et Reptiles de la Région de Bruxelles-Capitale. Aves et Institut Bruxellois pour la Gestion de l’Environnement, Bruxelles. 107 pages.",
alien-herpetofauna-belgium:taxon:7755fc64fafe2f680dc851e927acec8e,ISO_3166-2:BE-VLG,Flemish Region,BE,present,introduced,casual,otherTransport,1996/2024,"Jooris, R. & Lehouck, M. (2007). De Muurhagedis in Vlaanderen. Natuur.focus 6(4):123-129",vicinity of railway station of Leuven
alien-herpetofauna-belgium:taxon:7755fc64fafe2f680dc851e927acec8e,ISO_3166-2:BE-VLG,Flemish Region,BE,present,introduced,casual,pet,1996/2024,"Jooris, R. & Lehouck, M. (2007). De Muurhagedis in Vlaanderen. Natuur.focus 6(4):123-129",vicinity of railway station of Leuven
alien-herpetofauna-belgium:taxon:7755fc64fafe2f680dc851e927acec8e,ISO_3166-2:BE-WAL,Walloon Region,BE,present,introduced,casual,,,Natagora,
alien-herpetofauna-belgium:taxon:792632118267d7cf07d4580725dc6db1,ISO_3166-2:BE-VLG,Flemish Region,BE,present,introduced,casual,otherTransport,2012/2013,Vogelbescherming Vlaanderen,
alien-herpetofauna-belgium:taxon:7adb36eb57a395c0809e0b8c554c5186,ISO_3166-2:BE-VLG,Flemish Region,BE,present,introduced,casual,pet,2018/2018,Vogelbescherming Vlaanderen,
alien-herpetofauna-belgium:taxon:7b142018a287e0bcd4af825d5841c1fe,ISO_3166-2:BE-BRU,Brussels-Capital Region,BE,present,introduced,casual,pet,2015/2017,"Vanreusel W, Swinnen K, Gielen K, Vercayie D, Driessens G, Veraghtert W, Desmet P, Herremans M (2021). Waarnemingen.be - Non-native animal occurrences in Flanders and the Brussels Capital Region, Belgium. Version 1.25. Natuurpunt. Occurrence dataset https://doi.org/10.15468/k2aiak",
alien-herpetofauna-belgium:taxon:7b142018a287e0bcd4af825d5841c1fe,ISO_3166-2:BE-VLG,Flemish Region,BE,present,introduced,casual,pet,2010/2024,"Vanreusel W, Swinnen K, Gielen K, Vercayie D, Driessens G, Veraghtert W, Desmet P, Herremans M (2021). Waarnemingen.be - Non-native animal occurrences in Flanders and the Brussels Capital Region, Belgium. Version 1.25. Natuurpunt. Occurrence dataset https://doi.org/10.15468/k2aiak | Vogelbescherming Vlaanderen",
alien-herpetofauna-belgium:taxon:7b142018a287e0bcd4af825d5841c1fe,ISO_3166-2:BE-WAL,Walloon Region,BE,present,introduced,casual,pet,2014/2019,Natagora,
alien-herpetofauna-belgium:taxon:7c135fd9079e223ad0ca34d4a62d80ec,ISO_3166-2:BE-VLG,Flemish Region,BE,present,introduced,casual,containerBulk,2010/2019,SOS reptiel,
alien-herpetofauna-belgium:taxon:7e36f4d687be5db219fbfe1840caabad,ISO_3166-2:BE-VLG,Flemish Region,BE,present,introduced,casual,pet,2010/2020,"Vanreusel W, Swinnen K, Gielen K, Vercayie D, Driessens G, Veraghtert W, Desmet P, Herremans M (2021). Waarnemingen.be - Non-native animal occurrences in Flanders and the Brussels Capital Region, Belgium. Version 1.25. Natuurpunt. Occurrence dataset https://doi.org/10.15468/k2aiak | Vogelbescherming Vlaanderen",
alien-herpetofauna-belgium:taxon:7e36f4d687be5db219fbfe1840caabad,ISO_3166-2:BE-WAL,Walloon Region,BE,present,introduced,casual,pet,,Natagora,
alien-herpetofauna-belgium:taxon:7fb8eb61b344870fd5c213fb758ced9f,ISO_3166-2:BE-BRU,Brussels-Capital Region,BE,present,introduced,casual,pet,2018/2018,https://www.hln.be/dieren/brussel-zit-vol-verboden-schildpadden~a117b570/,
alien-herpetofauna-belgium:taxon:7fb8eb61b344870fd5c213fb758ced9f,ISO_3166-2:BE-VLG,Flemish Region,BE,present,introduced,casual,pet,2006/2024,"Vanreusel W, Swinnen K, Gielen K, Vercayie D, Driessens G, Veraghtert W, Desmet P, Herremans M (2021). Waarnemingen.be - Non-native animal occurrences in Flanders and the Brussels Capital Region, Belgium. Version 1.25. Natuurpunt. Occurrence dataset https://doi.org/10.15468/k2aiak",
alien-herpetofauna-belgium:taxon:8a73e9512915fc9323a66e184153b12d,ISO_3166-2:BE-VLG,Flemish Region,BE,present,introduced,casual,pet,2021/2021,Hyla werkgroep,
alien-herpetofauna-belgium:taxon:8a73e9512915fc9323a66e184153b12d,ISO_3166-2:BE-WAL,Walloon Region,BE,present,introduced,casual,pet,2022/2022,Natagora,
alien-herpetofauna-belgium:taxon:8af8066994b713cf090e576eb71c0ec8,ISO_3166-2:BE-VLG,Flemish Region,BE,present,introduced,established,pet,2006/2024,https://www.natuurpunt.be/nieuws/taiwanese-rattenslang-plant-zich-voort-vlaanderen-20150625 | GBIF-waarnemingen,subspecies taeniura from china (Elaphe taeniura taeniura)
alien-herpetofauna-belgium:taxon:8e6f5e68b5029ead23e06386a2ffe6a8,ISO_3166-2:BE-BRU,Brussels-Capital Region,BE,present,introduced,established,pet,2004/2006,"Holsbeek, G., Mergeay, J., Volckaert, F.A.M. et al. Genetic detection of multiple exotic water frog species in Belgium illustrates the need for monitoring and immediate action. Biol Invasions 12, 1459–1463 (2010). https://doi.org/10.1007/s10530-009-9570-9 | Hyla werkgroep",
alien-herpetofauna-belgium:taxon:8e6f5e68b5029ead23e06386a2ffe6a8,ISO_3166-2:BE-VLG,Flemish Region,BE,present,introduced,widespreadInvasive,pet,2000/2024,"Holsbeek, G., Mergeay, J., Volckaert, F.A.M. et al. Genetic detection of multiple exotic water frog species in Belgium illustrates the need for monitoring and immediate action. Biol Invasions 12, 1459–1463 (2010). https://doi.org/10.1007/s10530-009-9570-9 | Hyla werkgroep | GBIF-waarnemingen",
alien-herpetofauna-belgium:taxon:8e6f5e68b5029ead23e06386a2ffe6a8,ISO_3166-2:BE-WAL,Walloon Region,BE,present,introduced,established,pet,2020/2020,Natagora,
alien-herpetofauna-belgium:taxon:8ede2894773606a7de58434a57249916,ISO_3166-2:BE-VLG,Flemish Region,BE,present,introduced,casual,pet,2014/2016,Vogelbescherming Vlaanderen,
alien-herpetofauna-belgium:taxon:9103d24bd38c199b9bfb760a140d9c22,ISO_3166-2:BE-VLG,Flemish Region,BE,present,introduced,casual,pet,2014/2019,"Vanreusel W, Swinnen K, Gielen K, Vercayie D, Driessens G, Veraghtert W, Desmet P, Herremans M (2021). Waarnemingen.be - Non-native animal occurrences in Flanders and the Brussels Capital Region, Belgium. Version 1.25. Natuurpunt. Occurrence dataset https://doi.org/10.15468/k2aiak",
alien-herpetofauna-belgium:taxon:9103d24bd38c199b9bfb760a140d9c22,ISO_3166-2:BE-WAL,Walloon Region,BE,present,introduced,casual,pet,2019/2019,https://lameuse-namur.sudinfo.be/429768/article/2019-08-28/beaumont-les-pompiers-ont-capture-un-serpent,
alien-herpetofauna-belgium:taxon:93f032ef550764f09f06b824bfe26168,ISO_3166-2:BE-VLG,Flemish Region,BE,present,introduced,established,landscapeImprovement,2011/2012,https://www.natuurpunt.be/nieuws/spaanse-ribbensalamanders-weggevangen-neeroeteren-20120710,eradicated
alien-herpetofauna-belgium:taxon:942b9af8aae3ca69d2016d7960dc6956,ISO_3166-2:BE-VLG,Flemish Region,BE,present,introduced,casual,pet,2014/2017,SOS reptiel | Vogelbescherming Vlaanderen,
alien-herpetofauna-belgium:taxon:94ea9f049eededaa180f694e63d1d3b1,ISO_3166-2:BE-WAL,Walloon Region,BE,present,introduced,casual,,2009/2009,https://rainne.natagora.be/fileadmin/Rainne/Echo_des_rainettes/EDR_septembre_12.pdf,
alien-herpetofauna-belgium:taxon:97e0c3c6761da310202ce679ffb02f0e,ISO_3166-2:BE-BRU,Brussels-Capital Region,BE,present,introduced,established,landscapeImprovement,1996/2024,Own observations | Firsthand accounts,
alien-herpetofauna-belgium:taxon:97e0c3c6761da310202ce679ffb02f0e,ISO_3166-2:BE-BRU,Brussels-Capital Region,BE,present,introduced,established,conservationOrWildlifeManagement,1996/2024,Own observations | Firsthand accounts,
alien-herpetofauna-belgium:taxon:97e0c3c6761da310202ce679ffb02f0e,ISO_3166-2:BE-VLG,Flemish Region,BE,present,introduced,colonising,landscapeImprovement,1968/2024,Hyla werkgroep,
alien-herpetofauna-belgium:taxon:97e0c3c6761da310202ce679ffb02f0e,ISO_3166-2:BE-VLG,Flemish Region,BE,present,introduced,colonising,conservationOrWildlifeManagement,1968/2024,Hyla werkgroep,
alien-herpetofauna-belgium:taxon:97e0c3c6761da310202ce679ffb02f0e,ISO_3166-2:BE-VLG,Flemish Region,BE,present,introduced,colonising,contaminantNursery,1968/2024,Hyla werkgroep,
alien-herpetofauna-belgium:taxon:98508dcb90614aaaa27694fb8811b7f5,ISO_3166-2:BE-BRU,Brussels-Capital Region,BE,present,introduced,casual,pet,2019/2019,https://www.bruzz.be/videoreeks/dinsdag-6-augustus-2019/video-exotische-hagedis-uit-josaphatpark-krijgt-opvang,
alien-herpetofauna-belgium:taxon:98508dcb90614aaaa27694fb8811b7f5,ISO_3166-2:BE-VLG,Flemish Region,BE,present,introduced,casual,pet,2015/2015,"Vanreusel W, Swinnen K, Gielen K, Vercayie D, Driessens G, Veraghtert W, Desmet P, Herremans M (2021). Waarnemingen.be - Non-native animal occurrences in Flanders and the Brussels Capital Region, Belgium. Version 1.25. Natuurpunt. Occurrence dataset https://doi.org/10.15468/k2aiak | Vogelbescherming Vlaanderen",
alien-herpetofauna-belgium:taxon:9934d40be84374769038fa5ad2b00afe,ISO_3166-2:BE-VLG,Flemish Region,BE,present,introduced,casual,,2017/2017,Vogelbescherming Vlaanderen,
alien-herpetofauna-belgium:taxon:9c2b9edf5a172a0a478508f6222e219d,ISO_3166-2:BE-VLG,Flemish Region,BE,present,introduced,casual,pet,2017/2017,Vogelbescherming Vlaanderen,
alien-herpetofauna-belgium:taxon:a2f6659d4f35ebf54be57458b7ff1e3a,ISO_3166-2:BE-VLG,Flemish Region,BE,present,introduced,casual,containerBulk,2016/2021,"Vanreusel W, Swinnen K, Gielen K, Vercayie D, Driessens G, Veraghtert W, Desmet P, Herremans M (2021). Waarnemingen.be - Non-native animal occurrences in Flanders and the Brussels Capital Region, Belgium. Version 1.25. Natuurpunt. Occurrence dataset https://doi.org/10.15468/k2aiak",
alien-herpetofauna-belgium:taxon:a2f6659d4f35ebf54be57458b7ff1e3a,ISO_3166-2:BE-VLG,Flemish Region,BE,present,introduced,casual,pet,2016/2021,"Vanreusel W, Swinnen K, Gielen K, Vercayie D, Driessens G, Veraghtert W, Desmet P, Herremans M (2021). Waarnemingen.be - Non-native animal occurrences in Flanders and the Brussels Capital Region, Belgium. Version 1.25. Natuurpunt. Occurrence dataset https://doi.org/10.15468/k2aiak",
alien-herpetofauna-belgium:taxon:a3bfde56eee7e6b09c5248291b4951d4,ISO_3166-2:BE-VLG,Flemish Region,BE,present,introduced,casual,contaminantNursery,2018/2019,"Vanreusel W, Swinnen K, Gielen K, Vercayie D, Driessens G, Veraghtert W, Desmet P, Herremans M (2021). Waarnemingen.be - Non-native animal occurrences in Flanders and the Brussels Capital Region, Belgium. Version 1.25. Natuurpunt. Occurrence dataset https://doi.org/10.15468/k2aiak",
alien-herpetofauna-belgium:taxon:a4c9bbe8492ef7ef785100821f0c72ec,ISO_3166-2:BE-VLG,Flemish Region,BE,present,introduced,casual,pet,2013/2019,https://nnieuws.be/artikel/tapijtpython-zorgt-voor-paniek-pulle-vrijdagmorgen-gevonden | Vogelbescherming Vlaanderen,
alien-herpetofauna-belgium:taxon:a62288431e07ca1ed25a5197d12e85aa,ISO_3166-2:BE-BRU,Brussels-Capital Region,BE,present,introduced,casual,pet,2017/2020,"Vanreusel W, Swinnen K, Gielen K, Vercayie D, Driessens G, Veraghtert W, Desmet P, Herremans M (2021). Waarnemingen.be - Non-native animal occurrences in Flanders and the Brussels Capital Region, Belgium. Version 1.25. Natuurpunt. Occurrence dataset https://doi.org/10.15468/k2aiak",
alien-herpetofauna-belgium:taxon:a8227b4300e97b359e0f92eea126b814,ISO_3166-2:BE-VLG,Flemish Region,BE,present,nativeReintroduced,reproducing,landscapeImprovement,2021/2024,Own observations,extinct species in Flanders
alien-herpetofauna-belgium:taxon:a8227b4300e97b359e0f92eea126b814,ISO_3166-2:BE-VLG,Flemish Region,BE,present,nativeReintroduced,reproducing,pet,2021/2024,Own observations,extinct species in Flanders
alien-herpetofauna-belgium:taxon:a8227b4300e97b359e0f92eea126b814,ISO_3166-2:BE-VLG,Flemish Region,BE,present,nativeReintroduced,reproducing,contaminantNursery,2021/2024,Own observations,extinct species in Flanders
alien-herpetofauna-belgium:taxon:a8d22ed9e734acf1498bb6dc78a2dab8,ISO_3166-2:BE-VLG,Flemish Region,BE,present,introduced,casual,pet,2022/2022,SOS reptiel,
alien-herpetofauna-belgium:taxon:aad6c377da61735b1c5461e877edf03f,ISO_3166-2:BE-VLG,Flemish Region,BE,present,introduced,casual,pet,2001/2007,Hyla databank,
alien-herpetofauna-belgium:taxon:ae80a81ee4f076c202e981afd3d91ce4,ISO_3166-2:BE-BRU,Brussels-Capital Region,BE,present,introduced,casual,,1998/1998,"Weiserbs A. et Jacob J.-P. 2005. Amphibiens et Reptiles de la Région de Bruxelles-Capitale. Aves et Institut Bruxellois pour la Gestion de l’Environnement, Bruxelles. 107 pages.",
alien-herpetofauna-belgium:taxon:ae80a81ee4f076c202e981afd3d91ce4,ISO_3166-2:BE-VLG,Flemish Region,BE,present,introduced,established,otherTransport,2004/2024,Anonymus (2008). Hagedissen uit meer zuidelijke regio’s van Europa nu ook in Vlaanderen. Hyla flits 2008/3,
alien-herpetofauna-belgium:taxon:ae80a81ee4f076c202e981afd3d91ce4,ISO_3166-2:BE-VLG,Flemish Region,BE,present,introduced,established,pet,2004/2024,Anonymus (2008). Hagedissen uit meer zuidelijke regio’s van Europa nu ook in Vlaanderen. Hyla flits 2008/3,
alien-herpetofauna-belgium:taxon:ae80a81ee4f076c202e981afd3d91ce4,ISO_3166-2:BE-VLG,Flemish Region,BE,present,introduced,established,timberTrade,2004/2024,Anonymus (2008). Hagedissen uit meer zuidelijke regio’s van Europa nu ook in Vlaanderen. Hyla flits 2008/3,
alien-herpetofauna-belgium:taxon:af911b1a1272da9d074476a58015386f,ISO_3166-2:BE-VLG,Flemish Region,BE,present,introduced,casual,containerBulk,2013/2020,SOS reptiel | Vogelbescherming Vlaanderen,
alien-herpetofauna-belgium:taxon:aff6ade6b4337dc7d013ff4a68cc6844,ISO_3166-2:BE-VLG,Flemish Region,BE,present,introduced,casual,pet,2009/2009,"Vanreusel W, Swinnen K, Gielen K, Vercayie D, Driessens G, Veraghtert W, Desmet P, Herremans M (2021). Waarnemingen.be - Non-native animal occurrences in Flanders and the Brussels Capital Region, Belgium. Version 1.25. Natuurpunt. Occurrence dataset https://doi.org/10.15468/k2aiak",
alien-herpetofauna-belgium:taxon:b2b84c6800419a61f2ee3cfa5e307003,ISO_3166-2:BE-VLG,Flemish Region,BE,present,introduced,casual,pet,2012/2012,Vogelbescherming Vlaanderen,
alien-herpetofauna-belgium:taxon:b3937580b3480bf2a7fb31d1264dd868,ISO_3166-2:BE-VLG,Flemish Region,BE,present,introduced,casual,pet,2017/2017,SOS reptiel,
alien-herpetofauna-belgium:taxon:b64e66af996f4badffe7af288c533eb9,ISO_3166-2:BE-VLG,Flemish Region,BE,present,introduced,casual,pet,2011/2011,https://www.knack.be/nieuws/giftige-ratelslang-gevonden-langs-e19/,
alien-herpetofauna-belgium:taxon:b6bf32ff95c447d093d9eb83b35e9698,ISO_3166-2:BE-VLG,Flemish Region,BE,present,introduced,casual,containerBulk,2014/2014,SOS reptiel,
alien-herpetofauna-belgium:taxon:baa07d3d85472a0bd2764ace88c43d82,ISO_3166-2:BE-VLG,Flemish Region,BE,present,introduced,casual,pet,2014/2014,SOS reptiel,
alien-herpetofauna-belgium:taxon:bac87166164a69df139f1528287ae5ae,ISO_3166-2:BE-VLG,Flemish Region,BE,present,introduced,casual,pet,2018/2018,"Vanreusel W, Swinnen K, Gielen K, Vercayie D, Driessens G, Veraghtert W, Desmet P, Herremans M (2021). Waarnemingen.be - Non-native animal occurrences in Flanders and the Brussels Capital Region, Belgium. Version 1.25. Natuurpunt. Occurrence dataset https://doi.org/10.15468/k2aiak",
alien-herpetofauna-belgium:taxon:bb23434656bc1cab99558f07ecf23257,ISO_3166-2:BE-VLG,Flemish Region,BE,present,introduced,casual,containerBulk,2021/2021,SOS reptiel,
alien-herpetofauna-belgium:taxon:bb4d2c2b43952801e5ee4aa52fdef223,ISO_3166-2:BE-VLG,Flemish Region,BE,present,introduced,casual,pet,2006/2006,Anonymus (2006). Waarneming van een Vuursalamander uit Portugal te Oostende. Hyla flits 2006/5 (september - december 2006),
alien-herpetofauna-belgium:taxon:bfcc3b0818bbb98a7b2ee4e54116386c,ISO_3166-2:BE-BRU,Brussels-Capital Region,BE,present,introduced,casual,pet,2014/2019,"Vanreusel W, Swinnen K, Gielen K, Vercayie D, Driessens G, Veraghtert W, Desmet P, Herremans M (2021). Waarnemingen.be - Non-native animal occurrences in Flanders and the Brussels Capital Region, Belgium. Version 1.25. Natuurpunt. Occurrence dataset https://doi.org/10.15468/k2aiak",
alien-herpetofauna-belgium:taxon:bfcc3b0818bbb98a7b2ee4e54116386c,ISO_3166-2:BE-VLG,Flemish Region,BE,present,introduced,casual,pet,2010/2019,"Vanreusel W, Swinnen K, Gielen K, Vercayie D, Driessens G, Veraghtert W, Desmet P, Herremans M (2021). Waarnemingen.be - Non-native animal occurrences in Flanders and the Brussels Capital Region, Belgium. Version 1.25. Natuurpunt. Occurrence dataset https://doi.org/10.15468/k2aiak | Vogelbescherming Vlaanderen",
alien-herpetofauna-belgium:taxon:bfcc3b0818bbb98a7b2ee4e54116386c,ISO_3166-2:BE-WAL,Walloon Region,BE,present,introduced,casual,pet,2013/2020,Natagora,
alien-herpetofauna-belgium:taxon:c06d2716c21a95e2dfbee9d8b3e6f26d,ISO_3166-2:BE-VLG,Flemish Region,BE,present,introduced,casual,pet,2020/2020,SOS reptiel,
alien-herpetofauna-belgium:taxon:c0c9cd1c21da4c817adb6003f8bb5bd7,ISO_3166-2:BE-BRU,Brussels-Capital Region,BE,present,introduced,released,pet,1877/1897,"Weiserbs A. et Jacob J.-P. 2005. Amphibiens et Reptiles de la Région de Bruxelles-Capitale. Aves et Institut Bruxellois pour la Gestion de l’Environnement, Bruxelles. 107 pages.",
alien-herpetofauna-belgium:taxon:c0c9cd1c21da4c817adb6003f8bb5bd7,ISO_3166-2:BE-VLG,Flemish Region,BE,present,introduced,casual,landscapeImprovement,2018/2020,"Vanreusel W, Swinnen K, Gielen K, Vercayie D, Driessens G, Veraghtert W, Desmet P, Herremans M (2021). Waarnemingen.be - Non-native animal occurrences in Flanders and the Brussels Capital Region, Belgium. Version 1.25. Natuurpunt. Occurrence dataset https://doi.org/10.15468/k2aiak",
alien-herpetofauna-belgium:taxon:c0c9cd1c21da4c817adb6003f8bb5bd7,ISO_3166-2:BE-VLG,Flemish Region,BE,present,introduced,casual,pet,2018/2020,"Vanreusel W, Swinnen K, Gielen K, Vercayie D, Driessens G, Veraghtert W, Desmet P, Herremans M (2021). Waarnemingen.be - Non-native animal occurrences in Flanders and the Brussels Capital Region, Belgium. Version 1.25. Natuurpunt. Occurrence dataset https://doi.org/10.15468/k2aiak",
alien-herpetofauna-belgium:taxon:c2da78106f71af0c16caa8376d4834d6,ISO_3166-2:BE-VLG,Flemish Region,BE,present,introduced,casual,pet,2018/2019,Vogelbescherming Vlaanderen,
alien-herpetofauna-belgium:taxon:c4e337cdf3f808ff3e4f612db69f2aa7,ISO_3166-2:BE-VLG,Flemish Region,BE,present,introduced,casual,,2021/2021,Firsthand account,
alien-herpetofauna-belgium:taxon:c53ba30dc2319c9f31d074420251f777,ISO_3166-2:BE-BRU,Brussels-Capital Region,BE,present,introduced,casual,pet,2018/2018,"Vanreusel W, Swinnen K, Gielen K, Vercayie D, Driessens G, Veraghtert W, Desmet P, Herremans M (2021). Waarnemingen.be - Non-native animal occurrences in Flanders and the Brussels Capital Region, Belgium. Version 1.25. Natuurpunt. Occurrence dataset https://doi.org/10.15468/k2aiak",
alien-herpetofauna-belgium:taxon:c744d57c2c1a6dc9b72467bc066640c7,ISO_3166-2:BE-VLG,Flemish Region,BE,present,introduced,casual,pet,2010/2012,Vogelbescherming Vlaanderen,
alien-herpetofauna-belgium:taxon:c853660656a6faf1dbf25b120a37fb69,ISO_3166-2:BE-VLG,Flemish Region,BE,present,introduced,casual,pet,2010/2018,SOS reptiel | Vogelbescherming Vlaanderen,
alien-herpetofauna-belgium:taxon:cad99dfac5d13fd88f386ea0214c60a3,ISO_3166-2:BE-BRU,Brussels-Capital Region,BE,present,introduced,casual,pet,1993/1994,"Weiserbs A. et Jacob J.-P. 2005. Amphibiens et Reptiles de la Région de Bruxelles-Capitale. Aves et Institut Bruxellois pour la Gestion de l’Environnement, Bruxelles. 107 pages.",
alien-herpetofauna-belgium:taxon:cb211c2957617d0f0ab81e7b8333ebfe,ISO_3166-2:BE-VLG,Flemish Region,BE,present,introduced,casual,containerBulk,2021/2021,SOS reptiel,
alien-herpetofauna-belgium:taxon:cb64e2a4146c6a849a072d1edc83ae43,ISO_3166-2:BE-VLG,Flemish Region,BE,present,introduced,casual,containerBulk,2021/2021,Hyla werkgroep,
alien-herpetofauna-belgium:taxon:cd49a0416885c2e883d12561289d6614,ISO_3166-2:BE-BRU,Brussels-Capital Region,BE,present,introduced,casual,pet,1993/1994,"Weiserbs A. et Jacob J.-P. 2005. Amphibiens et Reptiles de la Région de Bruxelles-Capitale. Aves et Institut Bruxellois pour la Gestion de l’Environnement, Bruxelles. 107 pages.",
alien-herpetofauna-belgium:taxon:cec9b34e435dab7b703ae88b3c9c686b,ISO_3166-2:BE-VLG,Flemish Region,BE,present,introduced,casual,pet,2010/2014,Vogelbescherming Vlaanderen,
alien-herpetofauna-belgium:taxon:d10a2f81ec69b7de222c600d82d85c65,ISO_3166-2:BE-VLG,Flemish Region,BE,present,introduced,casual,pet,2018/2018,Own observation,
alien-herpetofauna-belgium:taxon:d4b7adfe4d5857a15e3a05b676398888,ISO_3166-2:BE-VLG,Flemish Region,BE,present,introduced,casual,pet,2013/2020,https://www.hbvl.be/cnt/dmf20200724_95741235 | Vogelbescherming Vlaanderen,
alien-herpetofauna-belgium:taxon:d4b7adfe4d5857a15e3a05b676398888,ISO_3166-2:BE-WAL,Walloon Region,BE,present,introduced,casual,pet,,Natagora,
alien-herpetofauna-belgium:taxon:d4e4618bd9c2f81c096cb372dd78b33d,ISO_3166-2:BE-BRU,Brussels-Capital Region,BE,present,introduced,casual,pet,2009/2024,"Vanreusel W, Swinnen K, Gielen K, Vercayie D, Driessens G, Veraghtert W, Desmet P, Herremans M (2021). Waarnemingen.be - Non-native animal occurrences in Flanders and the Brussels Capital Region, Belgium. Version 1.25. Natuurpunt. Occurrence dataset https://doi.org/10.15468/k2aiak",
alien-herpetofauna-belgium:taxon:d4e4618bd9c2f81c096cb372dd78b33d,ISO_3166-2:BE-VLG,Flemish Region,BE,present,introduced,casual,pet,1975/2024,"Vanreusel W, Swinnen K, Gielen K, Vercayie D, Driessens G, Veraghtert W, Desmet P, Herremans M (2021). Waarnemingen.be - Non-native animal occurrences in Flanders and the Brussels Capital Region, Belgium. Version 1.25. Natuurpunt. Occurrence dataset https://doi.org/10.15468/k2aiak | Vogelbescherming Vlaanderen",
alien-herpetofauna-belgium:taxon:d513d682fdd52536c12f3318c46c81b2,ISO_3166-2:BE-VLG,Flemish Region,BE,present,introduced,casual,,2023/2023,https://waarnemingen.be/observation/275826438/,
alien-herpetofauna-belgium:taxon:d72168ac44c60424d6781eb17fff357e,ISO_3166-2:BE-VLG,Flemish Region,BE,present,introduced,casual,pet,2010/2019,"Vanreusel W, Swinnen K, Gielen K, Vercayie D, Driessens G, Veraghtert W, Desmet P, Herremans M (2021). Waarnemingen.be - Non-native animal occurrences in Flanders and the Brussels Capital Region, Belgium. Version 1.25. Natuurpunt. Occurrence dataset https://doi.org/10.15468/k2aiak | Vogelbescherming Vlaanderen | SOS reptiel",
alien-herpetofauna-belgium:taxon:d72168ac44c60424d6781eb17fff357e,ISO_3166-2:BE-WAL,Walloon Region,BE,present,introduced,casual,pet,,Natagora,
alien-herpetofauna-belgium:taxon:d98583b9eb43e884fdb10e6db7cf0d50,ISO_3166-2:BE-BRU,Brussels-Capital Region,BE,present,introduced,casual,pet,2015/2015,"Vanreusel W, Swinnen K, Gielen K, Vercayie D, Driessens G, Veraghtert W, Desmet P, Herremans M (2021). Waarnemingen.be - Non-native animal occurrences in Flanders and the Brussels Capital Region, Belgium. Version 1.25. Natuurpunt. Occurrence dataset https://doi.org/10.15468/k2aiak",
alien-herpetofauna-belgium:taxon:db2e5b8fb798afe736d22f7ae3c1a3e3,ISO_3166-2:BE-VLG,Flemish Region,BE,present,introduced,casual,pet,2013/2013,Vogelbescherming Vlaanderen,
alien-herpetofauna-belgium:taxon:ddaf32d3e3009ae6baee5fd654ce42af,ISO_3166-2:BE-VLG,Flemish Region,BE,present,introduced,casual,containerBulk,2022/2022,"https://www.vrt.be/vrtnws/nl/2022/04/06/giftige-adder-pelt/#:~:text=De%20Palestijnse%20adder%20kroop%20rond,Belgi%C3%AB%20geen%20tegengif%20voor%20bestaat.&text=Dilissen%20Logistics%20in%20Pelt%20verwittigde,in%20een%20lading%20uit%20Isra%C3%ABl.",
alien-herpetofauna-belgium:taxon:de10c9dd3e8845310c5f50ba9677691e,ISO_3166-2:BE-VLG,Flemish Region,BE,present,introduced,casual,pet,2013/2018,SOS reptiel | Vogelbescherming Vlaanderen | Own observation,
alien-herpetofauna-belgium:taxon:df7a6aafcefb4823202aa3bfe6f8ad59,ISO_3166-2:BE-VLG,Flemish Region,BE,present,introduced,casual,,2013/2013,Vogelbescherming Vlaanderen,
alien-herpetofauna-belgium:taxon:e2ebcc22f42f1657be8bd16ffcf20406,ISO_3166-2:BE-VLG,Flemish Region,BE,present,introduced,casual,pet,2020/2021,SOS reptiel,
alien-herpetofauna-belgium:taxon:e3183249eb168863b68db6b070f2b724,ISO_3166-2:BE-VLG,Flemish Region,BE,present,introduced,casual,pet,2012/2019,"Vanreusel W, Swinnen K, Gielen K, Vercayie D, Driessens G, Veraghtert W, Desmet P, Herremans M (2021). Waarnemingen.be - Non-native animal occurrences in Flanders and the Brussels Capital Region, Belgium. Version 1.25. Natuurpunt. Occurrence dataset https://doi.org/10.15468/k2aiak | News article | Vogelbescherming Vlaanderen | SOS reptiel",
alien-herpetofauna-belgium:taxon:e4e0c83e09cbcdffaea058abdfcfb10d,ISO_3166-2:BE-VLG,Flemish Region,BE,present,introduced,casual,pet,2017/2017,"Vanreusel W, Swinnen K, Gielen K, Vercayie D, Driessens G, Veraghtert W, Desmet P, Herremans M (2021). Waarnemingen.be - Non-native animal occurrences in Flanders and the Brussels Capital Region, Belgium. Version 1.25. Natuurpunt. Occurrence dataset https://doi.org/10.15468/k2aiak",
alien-herpetofauna-belgium:taxon:e718a5157d8df94fca60e574b75e76af,ISO_3166-2:BE-VLG,Flemish Region,BE,present,introduced,casual,pet,2017/2017,SOS reptiel,
alien-herpetofauna-belgium:taxon:e8398ebb5bc90926dc173029b4791ee0,ISO_3166-2:BE-VLG,Flemish Region,BE,present,introduced,casual,pet,2019/2019,Vogelbescherming Vlaanderen,
alien-herpetofauna-belgium:taxon:ef3160b26c1f70d22f528507d9946a05,ISO_3166-2:BE-VLG,Flemish Region,BE,present,introduced,reproducing,pet,2006/2024,https://waarnemingen.be/species/26707/observations/?date_after=2000-08-02&date_before=2024-08-01&country_division=&search=&advanced=on&user=&location=&sex=&month=&life_stage=&activity=&method=&validation_status=,
alien-herpetofauna-belgium:taxon:efa6a6192af8fd2b5b8d4a1ea1b5f0e0,ISO_3166-2:BE-BRU,Brussels-Capital Region,BE,present,introduced,casual,pet,1935/2017,"Vanreusel W, Swinnen K, Gielen K, Vercayie D, Driessens G, Veraghtert W, Desmet P, Herremans M (2021). Waarnemingen.be - Non-native animal occurrences in Flanders and the Brussels Capital Region, Belgium. Version 1.25. Natuurpunt. Occurrence dataset https://doi.org/10.15468/k2aiak",
alien-herpetofauna-belgium:taxon:efa6a6192af8fd2b5b8d4a1ea1b5f0e0,ISO_3166-2:BE-VLG,Flemish Region,BE,present,introduced,casual,pet,2010/2020,"Vanreusel W, Swinnen K, Gielen K, Vercayie D, Driessens G, Veraghtert W, Desmet P, Herremans M (2021). Waarnemingen.be - Non-native animal occurrences in Flanders and the Brussels Capital Region, Belgium. Version 1.25. Natuurpunt. Occurrence dataset https://doi.org/10.15468/k2aiak | Vogelbescherming Vlaanderen",
alien-herpetofauna-belgium:taxon:efa6a6192af8fd2b5b8d4a1ea1b5f0e0,ISO_3166-2:BE-WAL,Walloon Region,BE,present,introduced,casual,pet,2019/2020,Natagora,
alien-herpetofauna-belgium:taxon:f071e3c4f985f734e14d7e4b72e971b9,ISO_3166-2:BE-VLG,Flemish Region,BE,present,introduced,casual,pet,2015/2015,"Vanreusel W, Swinnen K, Gielen K, Vercayie D, Driessens G, Veraghtert W, Desmet P, Herremans M (2021). Waarnemingen.be - Non-native animal occurrences in Flanders and the Brussels Capital Region, Belgium. Version 1.25. Natuurpunt. Occurrence dataset https://doi.org/10.15468/k2aiak",
alien-herpetofauna-belgium:taxon:f3d0959a8575a4a52c8a211e5cc47340,ISO_3166-2:BE-BRU,Brussels-Capital Region,BE,present,introduced,established,otherTransport,2006/2024,"Holsbeek, G., Mergeay, J., Volckaert, F.A.M. et al. Genetic detection of multiple exotic water frog species in Belgium illustrates the need for monitoring and immediate action. Biol Invasions 12, 1459–1463 (2010). https://doi.org/10.1007/s10530-009-9570-9 | Hyla werkgroep",Putatively introduced by Bulgarian trucker in Wetteren Belgium in 1975
alien-herpetofauna-belgium:taxon:f3d0959a8575a4a52c8a211e5cc47340,ISO_3166-2:BE-BRU,Brussels-Capital Region,BE,present,introduced,established,pet,2006/2024,"Holsbeek, G., Mergeay, J., Volckaert, F.A.M. et al. Genetic detection of multiple exotic water frog species in Belgium illustrates the need for monitoring and immediate action. Biol Invasions 12, 1459–1463 (2010). https://doi.org/10.1007/s10530-009-9570-9 | Hyla werkgroep",Putatively introduced by Bulgarian trucker in Wetteren Belgium in 1975
alien-herpetofauna-belgium:taxon:f3d0959a8575a4a52c8a211e5cc47340,ISO_3166-2:BE-VLG,Flemish Region,BE,present,introduced,widespreadInvasive,otherTransport,1975/2024,"Holsbeek, G., Mergeay, J., Volckaert, F.A.M. et al. Genetic detection of multiple exotic water frog species in Belgium illustrates the need for monitoring and immediate action. Biol Invasions 12, 1459–1463 (2010). https://doi.org/10.1007/s10530-009-9570-9 | Hyla werkgroep | GBIF-waarnemingen",Putatively introduced by Bulgarian trucker in Wetteren Belgium in 1975
alien-herpetofauna-belgium:taxon:f3d0959a8575a4a52c8a211e5cc47340,ISO_3166-2:BE-VLG,Flemish Region,BE,present,introduced,widespreadInvasive,pet,1975/2024,"Holsbeek, G., Mergeay, J., Volckaert, F.A.M. et al. Genetic detection of multiple exotic water frog species in Belgium illustrates the need for monitoring and immediate action. Biol Invasions 12, 1459–1463 (2010). https://doi.org/10.1007/s10530-009-9570-9 | Hyla werkgroep | GBIF-waarnemingen",Putatively introduced by Bulgarian trucker in Wetteren Belgium in 1975
alien-herpetofauna-belgium:taxon:f3d0959a8575a4a52c8a211e5cc47340,ISO_3166-2:BE-WAL,Walloon Region,BE,present,introduced,widespreadInvasive,otherTransport,1992/2024,Natagora,
alien-herpetofauna-belgium:taxon:f3d0959a8575a4a52c8a211e5cc47340,ISO_3166-2:BE-WAL,Walloon Region,BE,present,introduced,widespreadInvasive,pet,1992/2024,Natagora,
alien-herpetofauna-belgium:taxon:f43bb2ef0ffab0a3694bd861aadfa309,ISO_3166-2:BE-VLG,Flemish Region,BE,present,introduced,casual,pet,2014/2023,"Vanreusel W, Swinnen K, Gielen K, Vercayie D, Driessens G, Veraghtert W, Desmet P, Herremans M (2021). Waarnemingen.be - Non-native animal occurrences in Flanders and the Brussels Capital Region, Belgium. Version 1.25. Natuurpunt. Occurrence dataset https://doi.org/10.15468/k2aiak",
alien-herpetofauna-belgium:taxon:f449e769066c3570ca3f117256bb4198,ISO_3166-2:BE-VLG,Flemish Region,BE,present,introduced,casual,pet,2015/2020,SOS reptiel | Vogelbescherming Vlaanderen,
alien-herpetofauna-belgium:taxon:f4561399bd74e378c067a6b25a55eaf7,ISO_3166-2:BE-VLG,Flemish Region,BE,present,introduced,casual,,2018/2018,Vogelbescherming Vlaanderen,
alien-herpetofauna-belgium:taxon:f981ab8c911519c13b45eb115246e546,ISO_3166-2:BE-BRU,Brussels-Capital Region,BE,present,introduced,casual,pet,2018/2018,"Vanreusel W, Swinnen K, Gielen K, Vercayie D, Driessens G, Veraghtert W, Desmet P, Herremans M (2021). Waarnemingen.be - Non-native animal occurrences in Flanders and the Brussels Capital Region, Belgium. Version 1.25. Natuurpunt. Occurrence dataset https://doi.org/10.15468/k2aiak",
alien-herpetofauna-belgium:taxon:f981ab8c911519c13b45eb115246e546,ISO_3166-2:BE-VLG,Flemish Region,BE,present,introduced,casual,pet,2012/2012,"Vanreusel W, Swinnen K, Gielen K, Vercayie D, Driessens G, Veraghtert W, Desmet P, Herremans M (2021). Waarnemingen.be - Non-native animal occurrences in Flanders and the Brussels Capital Region, Belgium. Version 1.25. Natuurpunt. Occurrence dataset https://doi.org/10.15468/k2aiak",
alien-herpetofauna-belgium:taxon:f9b512426db4c11d2a70ba8845c078ac,ISO_3166-2:BE-VLG,Flemish Region,BE,present,introduced,casual,pet,2011/2018,Vogelbescherming Vlaanderen,
alien-herpetofauna-belgium:taxon:fe3943e51c122fc7f07fc844afaa42a8,ISO_3166-2:BE-VLG,Flemish Region,BE,present,introduced,casual,pet,2016/2016,Vogelbescherming Vlaanderen,
