scientific name,kingdom,phylum,class,order,family,genus,taxon rank,nomenclatural code,location,country code,occurrence status,establishment means,degree of establishment,[OLD] introduction pathway [WILL BE DELETED],introduction pathway 1,introduction pathway 2,introduction pathway 3,date first observation,date last observation,source,occurrence remarks,native range,terrestrial,marine,freshwater,host,abundance,threat status,date added,added by,verified by
"Bufotes viridis (Laurenti, 1768)",Animalia,Chordata,Amphibia,Anura,Bufonidae,Bufotes,species,ICZN,Brussels,BE,present,introduced,casual,escape_pet | release_other,pet,otherIntentionalRelease,,2015,2015,"Vanreusel W, Swinnen K, Gielen K, Vercayie D, Driessens G, Veraghtert W, Desmet P, Herremans M (2021). Waarnemingen.be - Non-native animal occurrences in Flanders and the Brussels Capital Region, Belgium. Version 1.25. Natuurpunt. Occurrence dataset https://doi.org/10.15468/k2aiak",,Europe,TRUE,FALSE,TRUE,,,,9/8/2020,Loïc van Doorn,
"Pelophylax cf bedriagae (Camerano, 1882)",Animalia,Chordata,Amphibia,Anura,Ranidae,Pelophylax,species,ICZN,Brussels,BE,present,introduced,established,escape_pet | release_other,pet,otherIntentionalRelease,,2004,2006,"Holsbeek, G., Mergeay, J., Volckaert, F.A.M. et al. Genetic detection of multiple exotic water frog species in Belgium illustrates the need for monitoring and immediate action. Biol Invasions 12, 1459–1463 (2010). https://doi.org/10.1007/s10530-009-9570-9 | Hyla werkgroep",,Eastern | Southeastern mediterranean basin,TRUE,FALSE,TRUE,,,,4/18/2018,Tim Adriaens,
"Pelophylax ridibundus (Pallas, 1771)",Animalia,Chordata,Amphibia,Anura,Ranidae,Pelophylax,species,ICZN,Brussels,BE,present,introduced,established,stowaway_other | escape_pet | release_other,transportStowaway,pet,otherIntentionalRelease,2006,2020,"Holsbeek, G., Mergeay, J., Volckaert, F.A.M. et al. Genetic detection of multiple exotic water frog species in Belgium illustrates the need for monitoring and immediate action. Biol Invasions 12, 1459–1463 (2010). https://doi.org/10.1007/s10530-009-9570-9 | Hyla werkgroep",Putatively introduced by Bulgarian trucker in Wetteren Belgium in 1975,Europe | Asia,TRUE,FALSE,TRUE,,,,4/18/2018,Tim Adriaens,
"Pelophylax perezi (López-Seoane, 1885)",Animalia,Chordata,Amphibia,Anura,Ranidae,Pelophylax,species,ICZN,Brussels,BE,present,introduced,casual,escape_pet | release_other,pet,otherIntentionalRelease,,2005,,Weiserbs and Jacob 2005,,Southwestern Europe,TRUE,FALSE,TRUE,,,,5/7/2021,Loïc van Doorn,
"Triturus marmoratus (Latreille, 1800)",Animalia,Chordata,Amphibia,Urodela,Salamandridae,Triturus,species,ICZN,Brussels,BE,present,introduced,established,escape_pet | release_other,pet,otherIntentionalRelease,,1877,1897,Weiserbs and Jacob 2005,,Europe,TRUE,FALSE,TRUE,,,,5/7/2021,Loïc van Doorn,
"Ambystoma tigrinum (Green, 1825)",Animalia,Chordata,Amphibia,Urodela,Ambystomatidae,Ambystoma,species,ICZN,Brussels,BE,present,introduced,casual,escape_pet | release_other,pet,otherIntentionalRelease,,1970,1970,Weiserbs and Jacob 2005,,North and central America,TRUE,FALSE,TRUE,,,,5/7/2021,Loïc van Doorn,
"Calotes (Cuvier, 1817)",Animalia,Chordata,Reptilia,Squamata,Agamidae,Calotes,genus,ICZN,Brussels,BE,present,introduced,casual,stowaway_container,containerBulk,,,2018,2018,SOS reptiel,,Asia,TRUE,FALSE,FALSE,,,,9/12/2020,Loïc van Doorn,
"Pogona (Storr, 1982)",Animalia,Chordata,Reptilia,Squamata,Agamidae,Pogona,genus,ICZN,Brussels,BE,present,introduced,casual,escape_pet | release_other,pet,otherIntentionalRelease,,2019,2019,https://www.bruzz.be/videoreeks/dinsdag-6-augustus-2019/video-exotische-hagedis-uit-josaphatpark-krijgt-opvang,,Australia,TRUE,FALSE,FALSE,,,,9/8/2020,Loïc van Doorn,
"Pantherophis guttatus (Linnaeus, 1766)",Animalia,Chordata,Reptilia,Squamata,Colubridae,Pantherophis,species,ICZN,Brussels,BE,present,introduced,casual,escape_pet | release_other,pet,otherIntentionalRelease,,2015,2017,"Vanreusel W, Swinnen K, Gielen K, Vercayie D, Driessens G, Veraghtert W, Desmet P, Herremans M (2021). Waarnemingen.be - Non-native animal occurrences in Flanders and the Brussels Capital Region, Belgium. Version 1.25. Natuurpunt. Occurrence dataset https://doi.org/10.15468/k2aiak",,North America,TRUE,FALSE,FALSE,,,,9/8/2020,Loïc van Doorn,
"Podarcis muralis (Laurenti, 1768)",Animalia,Chordata,Reptilia,Squamata,Lacertidae,Podarcis,species,ICZN,Brussels,BE,present,introduced,established,stowaway_other,transportStowaway,,,1970,2020,"Jooris, R. & Lehouck, M. (2007). De Muurhagedis in Vlaanderen. Natuur.focus 6(4):123-129",presumably introduced as stowaway in transport of goods per train,Europe,TRUE,FALSE,FALSE,,,,4/18/2018,Tim Adriaens,
"Natrix helvetica Lacépède, 1789",Animalia,Chordata,Reptilia,Squamata,Natricidae,Natrix,species,ICZN,Brussels,BE,present,introduced,established,release_landscape_improvement | release_conservation,landscapeImprovement,conservationOrWildlifeManagement,,1996,2020,Own observations | Firsthand accounts,,Europe,TRUE,FALSE,TRUE,,,,4/18/2018,Tim Adriaens,
"Echis carinatus (Schneider, 1801)",Animalia,Chordata,Reptilia,Squamata,Viperidae,Echis,species,ICZN,Brussels,BE,present,introduced,casual,stowaway_container,containerBulk,,,2017,2017,"Jooris, R. & Lehouck, M. (2007). De Muurhagedis in Vlaanderen. Natuur.focus 6(4):123-129 | SOS reptiel",Container with stone from India,Middle East | Central Asia,TRUE,FALSE,FALSE,,,,9/12/2020,Loïc van Doorn,
"Chelydra serpentina (Linnaeus, 1758)",Animalia,Chordata,Reptilia,Testudines,Chelydridae,Chelydra,species,ICZN,Brussels,BE,present,introduced,casual,escape_pet | release_other,pet,otherIntentionalRelease,,2018,2018,https://www.hln.be/dieren/brussel-zit-vol-verboden-schildpadden~a117b570/,,North America,TRUE,FALSE,TRUE,,,,9/8/2020,Loïc van Doorn,
"Chrysemys picta bellii (Gray, 1831)",Animalia,Chordata,Reptilia,Testudines,Emydidae,Chrysemys,subspecies,ICZN,Brussels,BE,present,introduced,casual,escape_pet | release_other,pet,otherIntentionalRelease,,2018,2018,"Vanreusel W, Swinnen K, Gielen K, Vercayie D, Driessens G, Veraghtert W, Desmet P, Herremans M (2021). Waarnemingen.be - Non-native animal occurrences in Flanders and the Brussels Capital Region, Belgium. Version 1.25. Natuurpunt. Occurrence dataset https://doi.org/10.15468/k2aiak",,North America,TRUE,FALSE,TRUE,,,,9/8/2020,Loïc van Doorn,
"Emys orbicularis (Linnaeus, 1758)",Animalia,Chordata,Reptilia,Testudines,Emydidae,Emys,species,ICZN,Brussels,BE,present,introduced,casual,escape_pet | release_other,pet,otherIntentionalRelease,,1990,2018,Own observation,,Europe | Africa | Asia,TRUE,FALSE,TRUE,,,,9/12/2020,Loïc van Doorn,
"Graptemys ouachitensis (Cagle, 1953)",Animalia,Chordata,Reptilia,Testudines,Emydidae,Graptemys,species,ICZN,Brussels,BE,present,introduced,casual,escape_pet | release_other,pet,otherIntentionalRelease,,2018,2018,"Vanreusel W, Swinnen K, Gielen K, Vercayie D, Driessens G, Veraghtert W, Desmet P, Herremans M (2021). Waarnemingen.be - Non-native animal occurrences in Flanders and the Brussels Capital Region, Belgium. Version 1.25. Natuurpunt. Occurrence dataset https://doi.org/10.15468/k2aiak",,North America,TRUE,FALSE,TRUE,,,,9/8/2020,Loïc van Doorn,
"Graptemys pseudogeographica (Gray, 1831)",Animalia,Chordata,Reptilia,Testudines,Emydidae,Graptemys,species,ICZN,Brussels,BE,present,introduced,casual,escape_pet | release_other,pet,otherIntentionalRelease,,2014,2019,"Vanreusel W, Swinnen K, Gielen K, Vercayie D, Driessens G, Veraghtert W, Desmet P, Herremans M (2021). Waarnemingen.be - Non-native animal occurrences in Flanders and the Brussels Capital Region, Belgium. Version 1.25. Natuurpunt. Occurrence dataset https://doi.org/10.15468/k2aiak",,North America,TRUE,FALSE,TRUE,,,,9/8/2020,Loïc van Doorn,
"Pseudemys nelsoni (Carr, 1938)",Animalia,Chordata,Reptilia,Testudines,Emydidae,Pseudemys,species,ICZN,Brussels,BE,present,introduced,casual,escape_pet | release_other,pet,otherIntentionalRelease,,2018,2018,"Vanreusel W, Swinnen K, Gielen K, Vercayie D, Driessens G, Veraghtert W, Desmet P, Herremans M (2021). Waarnemingen.be - Non-native animal occurrences in Flanders and the Brussels Capital Region, Belgium. Version 1.25. Natuurpunt. Occurrence dataset https://doi.org/10.15468/k2aiak",,North America,TRUE,FALSE,TRUE,,,,9/8/2020,Loïc van Doorn,
"Trachemys scripta (Thunberg In Schoepff, 1792)",Animalia,Chordata,Reptilia,Testudines,Emydidae,Trachemys,species,ICZN,Brussels,BE,present,introduced,casual,escape_pet | release_other,pet,otherIntentionalRelease,,2009,2020,"Vanreusel W, Swinnen K, Gielen K, Vercayie D, Driessens G, Veraghtert W, Desmet P, Herremans M (2021). Waarnemingen.be - Non-native animal occurrences in Flanders and the Brussels Capital Region, Belgium. Version 1.25. Natuurpunt. Occurrence dataset https://doi.org/10.15468/k2aiak",,North America,TRUE,FALSE,TRUE,,,,9/8/2020,Loïc van Doorn,
"Trachemys scripta elegans (Wied, 1838)",Animalia,Chordata,Reptilia,Testudines,Emydidae,Trachemys,subspecies,ICZN,Brussels,BE,present,introduced,casual,escape_pet | release_other,pet,otherIntentionalRelease,,2009,2020,"Vanreusel W, Swinnen K, Gielen K, Vercayie D, Driessens G, Veraghtert W, Desmet P, Herremans M (2021). Waarnemingen.be - Non-native animal occurrences in Flanders and the Brussels Capital Region, Belgium. Version 1.25. Natuurpunt. Occurrence dataset https://doi.org/10.15468/k2aiak",,North America,TRUE,FALSE,TRUE,,,,9/8/2020,Loïc van Doorn,
"Trachemys scripta scripta (Schoepff, 1792)",Animalia,Chordata,Reptilia,Testudines,Emydidae,Trachemys,subspecies,ICZN,Brussels,BE,present,introduced,casual,escape_pet | release_other,pet,otherIntentionalRelease,,2010,2020,"Vanreusel W, Swinnen K, Gielen K, Vercayie D, Driessens G, Veraghtert W, Desmet P, Herremans M (2021). Waarnemingen.be - Non-native animal occurrences in Flanders and the Brussels Capital Region, Belgium. Version 1.25. Natuurpunt. Occurrence dataset https://doi.org/10.15468/k2aiak",,North America,TRUE,FALSE,TRUE,,,,9/8/2020,Loïc van Doorn,
"Trachemys scripta troostii (Holbrook, 1836)",Animalia,Chordata,Reptilia,Testudines,Emydidae,Trachemys,subspecies,ICZN,Brussels,BE,present,introduced,casual,escape_pet | release_other,pet,otherIntentionalRelease,,2012,2019,"Vanreusel W, Swinnen K, Gielen K, Vercayie D, Driessens G, Veraghtert W, Desmet P, Herremans M (2021). Waarnemingen.be - Non-native animal occurrences in Flanders and the Brussels Capital Region, Belgium. Version 1.25. Natuurpunt. Occurrence dataset https://doi.org/10.15468/k2aiak",,North America,TRUE,FALSE,TRUE,,,,9/8/2020,Loïc van Doorn,
"Testudo graeca (Linnaeus, 1758)",Animalia,Chordata,Reptilia,Testudines,Testudinidae,Testudo,species,ICZN,Brussels,BE,present,introduced,casual,escape_pet | release_other,pet,otherIntentionalRelease,,1935,2017,"Vanreusel W, Swinnen K, Gielen K, Vercayie D, Driessens G, Veraghtert W, Desmet P, Herremans M (2021). Waarnemingen.be - Non-native animal occurrences in Flanders and the Brussels Capital Region, Belgium. Version 1.25. Natuurpunt. Occurrence dataset https://doi.org/10.15468/k2aiak",,Europe | Africa | Asia,TRUE,FALSE,FALSE,,,,9/8/2020,Loïc van Doorn,
"Apalone (Rafinesque, 1832)",Animalia,Chordata,Reptilia,Testudines,Trionychidae,Apalone,genus,ICZN,Brussels,BE,present,introduced,casual,escape_pet | release_other,pet,otherIntentionalRelease,,2017,2020,"Vanreusel W, Swinnen K, Gielen K, Vercayie D, Driessens G, Veraghtert W, Desmet P, Herremans M (2021). Waarnemingen.be - Non-native animal occurrences in Flanders and the Brussels Capital Region, Belgium. Version 1.25. Natuurpunt. Occurrence dataset https://doi.org/10.15468/k2aiak",,North America,TRUE,FALSE,TRUE,,,,9/8/2020,Loïc van Doorn,
"Zamenis situla (Linnaeus, 1758)",Animalia,Chordata,Reptilia,Squamata,Colubridae,Zamenis,species,ICZN,Brussels,BE,present,introduced,casual,stowaway_other,transportStowaway,,,2018,2018,"Graitson, Paquet and Verbelen, 2021",,Southeastern Europe and Asia,TRUE,FALSE,FALSE,,,,5/7/2021,Loïc van Doorn,
"Thamnophis marcianus (Baird and Girard,1853)",Animalia,Chordata,Reptilia,Squamata,Natricidae,Thamnophis,species,ICZN,Brussels,BE,present,introduced,casual,escape_pet | release_other,pet,otherIntentionalRelease,,1993,1994,Weiserbs and Jacob 2005,,North and central America,TRUE,FALSE,TRUE,,,,5/7/2021,Loïc van Doorn,
"Thamnophis saurita (Linnaeus, 1766)",Animalia,Chordata,Reptilia,Squamata,Natricidae,Thamnophis,species,ICZN,Brussels,BE,present,introduced,casual,escape_pet | release_other,pet,otherIntentionalRelease,,1993,1994,Weiserbs and Jacob 2005,,North America,TRUE,FALSE,TRUE,,,,5/7/2021,Loïc van Doorn,
"Natrix maura (Linnaeus, 1758)",Animalia,Chordata,Reptilia,Squamata,Natricidae,Natrix,species,ICZN,Brussels,BE,present,introduced,casual,,,,,1967,1967,Weiserbs and Jacob 2005,,"Europe, Africa",TRUE,FALSE,TRUE,,,,5/7/2021,Loïc van Doorn,
"Natrix tessellata (Laurenti, 1768)",Animalia,Chordata,Reptilia,Squamata,Natricidae,Natrix,species,ICZN,Brussels,BE,present,introduced,casual,,,,,1962,1962,Weiserbs and Jacob 2005,,"Europe, Asia, Africa",TRUE,FALSE,TRUE,,,,5/7/2021,Loïc van Doorn,
"Hierophis viridiflavus (Lacépède, 1987)",Animalia,Chordata,Reptilia,Squamata,Colubridae,Hierophis,species,ICZN,Brussels,BE,present,introduced,casual,,,,,1894,1967,Weiserbs and Jacob 2005,,Europe,TRUE,FALSE,FALSE,,,,5/7/2021,Loïc van Doorn,
"Testudo hermanni (Gmelin, 1789)",Animalia,Chordata,Reptilia,Testudines,Testudinidae,Testudo,species,ICZN,Brussels,BE,present,introduced,casual,escape_pet | release_other,pet,otherIntentionalRelease,,1935,,Weiserbs and Jacob 2005,,Europe,TRUE,FALSE,FALSE,,,,5/7/2021,Loïc van Doorn,
"Podarcis siculus (Rafinesque-schmaltz, 1810)",Animalia,Chordata,Reptilia,Squamata,Lacertidae,Podarcis,species,ICZN,Brussels,BE,present,introduced,casual,,,,,1998,1998,Weiserbs and Jacob 2005,,Southern Europe,TRUE,FALSE,FALSE,,,,5/7/2021,Loïc van Doorn,
"Bombina orientalis (Boulenger, 1890)",Animalia,Chordata,Amphibia,Anura,Bombinatoridae,Bombina,species,ICZN,Flanders,BE,present,introduced,casual,escape_pet | release_other,pet,otherIntentionalRelease,,2009,2019,"Vanreusel W, Swinnen K, Gielen K, Vercayie D, Driessens G, Veraghtert W, Desmet P, Herremans M (2021). Waarnemingen.be - Non-native animal occurrences in Flanders and the Brussels Capital Region, Belgium. Version 1.25. Natuurpunt. Occurrence dataset https://doi.org/10.15468/k2aiak",,Asia,TRUE,FALSE,TRUE,,,,9/8/2020,Loïc van Doorn,
"Rhinella marina (Linnaeus, 1758)",Animalia,Chordata,Amphibia,Anura,Bufonidae,Rhinella,species,ICZN,Flanders,BE,present,introduced,casual,stowaway_container,containerBulk,,,2010,2019,SOS reptiel,,Central America,TRUE,FALSE,TRUE,,,,9/12/2020,Loïc van Doorn,
"Hyla meridionalis (Boettger, 1874)",Animalia,Chordata,Amphibia,Anura,Hylidae,Hyla,species,ICZN,Flanders,BE,present,introduced,casual,,,,,2020,2020,SOS reptiel,,Europe | Northern Africa,TRUE,FALSE,TRUE,,,,12/22/2020,Loïc van Doorn,
"Xenopus laevis (Daudin, 1802)",Animalia,Chordata,Amphibia,Anura,Pipidae,Xenopus,species,ICZN,Flanders,BE,present,introduced,established,escape_research | escape_pet | release_other,research,pet,otherIntentionalRelease,2006,2022,"Hyla database | Vogelbescherming Vlaanderen | Vanreusel W, Swinnen K, Gielen K, Vercayie D, Driessens G, Veraghtert W, Desmet P, Herremans M (2021). Waarnemingen.be - Non-native animal occurrences in Flanders and the Brussels Capital Region, Belgium. Version 1.25. Natuurpunt. Occurrence dataset https://doi.org/10.15468/k2aiak","campus Drie Eiken Antwerp University, pond with 30 larvae, obs. Bart Vervust",Africa,TRUE,FALSE,TRUE,,,,4/18/2018,Tim Adriaens,
"Lithobates catesbeianus (Shaw, 1802)",Animalia,Chordata,Amphibia,Anura,Ranidae,Lithobates,species,ICZN,Flanders,BE,present,introduced,established,escape_pet | release_other,pet,otherIntentionalRelease,,1996,2020,"Adriaens et al. 2013 | Vanreusel W, Swinnen K, Gielen K, Vercayie D, Driessens G, Veraghtert W, Desmet P, Herremans M (2021). Waarnemingen.be - Non-native animal occurrences in Flanders and the Brussels Capital Region, Belgium. Version 1.25. Natuurpunt. Occurrence dataset https://doi.org/10.15468/k2aiak",,Eastern North America,TRUE,FALSE,TRUE,,,,4/18/2018,Tim Adriaens,
"Pelophylax cf bedriagae (Camerano, 1882)",Animalia,Chordata,Amphibia,Anura,Ranidae,Pelophylax,species,ICZN,Flanders,BE,present,introduced,established,escape_pet | release_other,pet,otherIntentionalRelease,,2000,2020,"Holsbeek, G., Mergeay, J., Volckaert, F.A.M. et al. Genetic detection of multiple exotic water frog species in Belgium illustrates the need for monitoring and immediate action. Biol Invasions 12, 1459–1463 (2010). https://doi.org/10.1007/s10530-009-9570-9 | Hyla werkgroep | GBIF-waarnemingen",,Eastern and Southeastern mediterranean basin,TRUE,FALSE,TRUE,,,,4/18/2018,Tim Adriaens,
"Pelophylax ridibundus (Pallas, 1771)",Animalia,Chordata,Amphibia,Anura,Ranidae,Pelophylax,species,ICZN,Flanders,BE,present,introduced,established,stowaway_other | escape_pet | release_other,transportStowaway,pet,otherIntentionalRelease,1975,2020,"Holsbeek, G., Mergeay, J., Volckaert, F.A.M. et al. Genetic detection of multiple exotic water frog species in Belgium illustrates the need for monitoring and immediate action. Biol Invasions 12, 1459–1463 (2010). https://doi.org/10.1007/s10530-009-9570-9 | Hyla werkgroep | GBIF-waarnemingen",Putatively introduced by Bulgarian trucker in Wetteren Belgium in 1975,Europe | Asia,TRUE,FALSE,TRUE,,,,4/18/2018,Tim Adriaens,
"Ambystoma macrodactylum (Baird, 1849)",Animalia,Chordata,Amphibia,Urodela,Ambystomatidae,Ambystoma,species,ICZN,Flanders,BE,present,introduced,casual,contaminant_nursery,contaminantNursery,,,2018,2019,"Vanreusel W, Swinnen K, Gielen K, Vercayie D, Driessens G, Veraghtert W, Desmet P, Herremans M (2021). Waarnemingen.be - Non-native animal occurrences in Flanders and the Brussels Capital Region, Belgium. Version 1.25. Natuurpunt. Occurrence dataset https://doi.org/10.15468/k2aiak",,North America,TRUE,FALSE,TRUE,,,,9/8/2020,Loïc van Doorn,
"Pachytriton labiatus (Unterstein, 1930)",Animalia,Chordata,Amphibia,Urodela,Salamandridae,Pachytriton,species,ICZN,Flanders,BE,present,introduced,casual,escape_pet | release_other,pet,otherIntentionalRelease,,2001,2007,Hyla databank,,Asia,TRUE,FALSE,TRUE,,,,4/18/2018,Tim Adriaens,
"Pleurodeles waltl Michahelles, 1830",Animalia,Chordata,Amphibia,Urodela,Salamandridae,Pleurodeles,species,ICZN,Flanders,BE,present,introduced,established,release_landscape_improvement,landscapeImprovement,,,2011,2012,https://www.natuurpunt.be/nieuws/spaanse-ribbensalamanders-weggevangen-neeroeteren-20120710,eradicated,Iberia | Morocco,TRUE,FALSE,TRUE,,,,4/18/2018,Tim Adriaens,
"Salamandra atra (Laurenti, 1768)",Animalia,Chordata,Amphibia,Urodela,Salamandridae,Salamandra,species,ICZN,Flanders,BE,present,introduced,casual,escape_pet | release_other,pet,otherIntentionalRelease,,2017,2017,"Vanreusel W, Swinnen K, Gielen K, Vercayie D, Driessens G, Veraghtert W, Desmet P, Herremans M (2021). Waarnemingen.be - Non-native animal occurrences in Flanders and the Brussels Capital Region, Belgium. Version 1.25. Natuurpunt. Occurrence dataset https://doi.org/10.15468/k2aiak",,Europe,TRUE,FALSE,FALSE,,,,9/8/2020,Loïc van Doorn,
"Salamandra salamandra gallaica (Seonane, 1884)",Animalia,Chordata,Amphibia,Urodela,Salamandridae,Salamandra,species,ICZN,Flanders,BE,present,introduced,casual,escape_pet | release_other,pet,otherIntentionalRelease,,2006,2006,Anonymus (2006). Waarneming van een Vuursalamander uit Portugal te Oostende. Hyla flits 2006/5 (september - december 2006),,Europe,TRUE,FALSE,TRUE,,,,9/8/2020,Loïc van Doorn,
"Triturus marmoratus (Latreille, 1800)",Animalia,Chordata,Amphibia,Urodela,Salamandridae,Triturus,species,ICZN,Flanders,BE,present,introduced,casual,release_landscape_improvement | escape_pet,landscapeImprovement,pet,,2018,2020,"Vanreusel W, Swinnen K, Gielen K, Vercayie D, Driessens G, Veraghtert W, Desmet P, Herremans M (2021). Waarnemingen.be - Non-native animal occurrences in Flanders and the Brussels Capital Region, Belgium. Version 1.25. Natuurpunt. Occurrence dataset https://doi.org/10.15468/k2aiak",,Southern Europe,TRUE,FALSE,TRUE,,,,4/18/2018,Tim Adriaens,
"Siren intermedia (Barnes, 1826)",Animalia,Chordata,Amphibia,Urodela,Sirenidae,Siren,species,ICZN,Flanders,BE,present,introduced,casual,stowaway_other,transportStowaway,,,2014,2014,SOS reptiel,in eel shipment,North America,FALSE,FALSE,TRUE,,,,9/12/2020,Loïc van Doorn,
"Caiman crocodilus (Linnaeus, 1758)",Animalia,Chordata,Reptilia,Crocodilia,Alligatoridae,Caiman,species,ICZN,Flanders,BE,present,introduced,casual,escape_pet | release_other,pet,otherIntentionalRelease,,2017,2017,SOS reptiel,,Central America | South America,TRUE,FALSE,TRUE,,,,9/12/2020,Loïc van Doorn,
"Agama agama (Linnaeus, 1758)",Animalia,Chordata,Reptilia,Squamata,Agamidae,Agama,species,ICZN,Flanders,BE,present,introduced,casual,escape_pet | release_other,pet,otherIntentionalRelease,,2015,2020,SOS reptiel | Vogelbescherming Vlaanderen,,Africa,TRUE,FALSE,FALSE,,,,12/22/2020,Loïc van Doorn,
"Physignathus cocincinus (Cuvier, 1829)",Animalia,Chordata,Reptilia,Squamata,Agamidae,Physignathus,species,ICZN,Flanders,BE,present,introduced,casual,escape_pet | release_other,pet,otherIntentionalRelease,,2012,2015,SOS reptiel | Vogelbescherming Vlaanderen,,Eastern Asia,TRUE,FALSE,FALSE,,,,9/12/2020,Loïc van Doorn,
"Pogona henrylawsoni (Wells and Wellington, 1985)",Animalia,Chordata,Reptilia,Squamata,Agamidae,Pogona,species,ICZN,Flanders,BE,present,introduced,casual,escape_pet | release_other,pet,otherIntentionalRelease,,2020,2020,SOS reptiel,,Australia,TRUE,FALSE,FALSE,,,,9/12/2020,Loïc van Doorn,
"Pogona (Storr, 1982)",Animalia,Chordata,Reptilia,Squamata,Agamidae,Pogona,genus,ICZN,Flanders,BE,present,introduced,casual,escape_pet | release_other,pet,otherIntentionalRelease,,2015,2015,"Vanreusel W, Swinnen K, Gielen K, Vercayie D, Driessens G, Veraghtert W, Desmet P, Herremans M (2021). Waarnemingen.be - Non-native animal occurrences in Flanders and the Brussels Capital Region, Belgium. Version 1.25. Natuurpunt. Occurrence dataset https://doi.org/10.15468/k2aiak | Vogelbescherming Vlaanderen",,Australia,TRUE,FALSE,FALSE,,,,9/8/2020,Loïc van Doorn,
"Pogona vitticeps (Ahl, 1926)",Animalia,Chordata,Reptilia,Squamata,Agamidae,Pogona,species,ICZN,Flanders,BE,present,introduced,casual,escape_pet | release_other,pet,otherIntentionalRelease,,2010,2019,"Vanreusel W, Swinnen K, Gielen K, Vercayie D, Driessens G, Veraghtert W, Desmet P, Herremans M (2021). Waarnemingen.be - Non-native animal occurrences in Flanders and the Brussels Capital Region, Belgium. Version 1.25. Natuurpunt. Occurrence dataset https://doi.org/10.15468/k2aiak | Vogelbescherming Vlaanderen | SOS reptiel",,Australia,TRUE,FALSE,FALSE,,,,9/12/2020,Loïc van Doorn,
"Boa constrictor (Linnaeus, 1758)",Animalia,Chordata,Reptilia,Squamata,Boidae,Boa,species,ICZN,Flanders,BE,present,introduced,casual,escape_pet | release_other | stowaway_container,pet,otherIntentionalRelease,containerBulk,2006,2023,https://www.hln.be/dentergem/man-ontdekt-boa-constrictor-in-zijn-dakgoot-slang-blijkt-ontsnapt-bij-de-buren~a13151f6/ | Vogelbescherming Vlaanderen,,South America,TRUE,FALSE,FALSE,,,,9/8/2020,Loïc van Doorn,
"Boa (Linnaeus, 1758)",Animalia,Chordata,Reptilia,Squamata,Boidae,Boa,genus,ICZN,Flanders,BE,present,introduced,casual,escape_pet | release_other,pet,otherIntentionalRelease,,2014,2016,Vogelbescherming Vlaanderen,,,TRUE,FALSE,FALSE,,,,12/23/2020,Loïc van Doorn,
"Chamaeleo calyptratus (Duméril & Bibron, 1851)",Animalia,Chordata,Reptilia,Squamata,Chamaeleonidae,Chamaeleo,species,ICZN,Flanders,BE,present,introduced,casual,escape_pet | release_other,pet,otherIntentionalRelease,,2014,2023,"Vanreusel W, Swinnen K, Gielen K, Vercayie D, Driessens G, Veraghtert W, Desmet P, Herremans M (2021). Waarnemingen.be - Non-native animal occurrences in Flanders and the Brussels Capital Region, Belgium. Version 1.25. Natuurpunt. Occurrence dataset https://doi.org/10.15468/k2aiak",,Middle east,TRUE,FALSE,FALSE,,,,9/8/2020,Loïc van Doorn,
"Furcifer pardalis (Cuvier, 1829)",Animalia,Chordata,Reptilia,Squamata,Chamaeleonidae,Furcifer,species,ICZN,Flanders,BE,present,introduced,casual,escape_pet | release_other,pet,otherIntentionalRelease,,2015,2015,SOS reptiel,,Madagascar,TRUE,FALSE,FALSE,,,,9/12/2020,Loïc van Doorn,
"Trioceros hoehnelii (Steindachner, 1891)",Animalia,Chordata,Reptilia,Squamata,Chamaeleonidae,Trioceros,species,ICZN,Flanders,BE,present,introduced,casual,escape_pet | release_other,pet,otherIntentionalRelease,,2019,2019,Vogelbescherming Vlaanderen,,Kenya | Uganda,TRUE,FALSE,FALSE,,,,12/23/2020,Loïc van Doorn,
"Chrysopelea ornata (Shaw, 1802)",Animalia,Chordata,Reptilia,Squamata,Colubridae,Chrysopelea,species,ICZN,Flanders,BE,present,introduced,casual,stowaway_container,containerBulk,,,2014,2014,SOS reptiel,,Asia,TRUE,FALSE,FALSE,,,,9/12/2020,Loïc van Doorn,
"Elaphe quatuorlineata (Lacépède, 1987)",Animalia,Chordata,Reptilia,Squamata,Colubridae,Elaphe,species,ICZN,Flanders,BE,present,introduced,casual,,,,,2012,2013,Vogelbescherming Vlaanderen,,Europe,TRUE,FALSE,FALSE,,,,12/23/2020,Loïc van Doorn,
"Elaphe sauromates (Pallas, 1814)",Animalia,Chordata,Reptilia,Squamata,Colubridae,Elaphe,species,ICZN,Flanders,BE,present,introduced,casual,escape_pet | release_other,pet,otherIntentionalRelease,,2014,2014,SOS reptiel,,Europe | Asia,TRUE,FALSE,FALSE,,,,9/12/2020,Loïc van Doorn,
"Elaphe schrenckii (Strauch, 1873)",Animalia,Chordata,Reptilia,Squamata,Colubridae,Elaphe,species,ICZN,Flanders,BE,present,introduced,casual,escape_pet | release_other,pet,otherIntentionalRelease,,2019,2020,https://www.natuurhulpcentrum.be/slang-gevangen-in-tongeren/ | SOS reptiel,,Eastern Asia,TRUE,FALSE,TRUE,,,,9/12/2020,Loïc van Doorn,
"Elaphe taeniura (Cope, 1861)",Animalia,Chordata,Reptilia,Squamata,Colubridae,Orthriophis,species,ICZN,Flanders,BE,present,introduced,established,escape_pet | release_other,pet,otherIntentionalRelease,,2006,2020,https://www.natuurpunt.be/nieuws/taiwanese-rattenslang-plant-zich-voort-vlaanderen-20150625 | GBIF-waarnemingen,subspecies taeniura from china (Elaphe taeniura taeniura),Asia,TRUE,FALSE,FALSE,,,,4/18/2018,Tim Adriaens,
"Heterodon nasicus (Baird & Girard, 1852)",Animalia,Chordata,Reptilia,Squamata,Colubridae,Heterodon,species,ICZN,Flanders,BE,present,introduced,casual,escape_pet | release_other,pet,otherIntentionalRelease,,2020,2021,SOS reptiel,,North America,TRUE,FALSE,FALSE,,,,9/12/2020,Loïc van Doorn,
"Hierophis viridiflavus (Lacépède, 1987)",Animalia,Chordata,Reptilia,Squamata,Colubridae,Hierophis,species,ICZN,Flanders,BE,present,introduced,casual,,,,,2010,2023,Vogelbescherming Vlaanderen,,Europe,TRUE,FALSE,FALSE,,,,12/23/2020,Loïc van Doorn,
"Lampropeltis getula californiae (Blainville, 1835)",Animalia,Chordata,Reptilia,Squamata,Colubridae,Lampropeltis,subspecies,ICZN,Flanders,BE,present,introduced,casual,escape_pet | release_other,pet,otherIntentionalRelease,,2014,2019,"Vanreusel W, Swinnen K, Gielen K, Vercayie D, Driessens G, Veraghtert W, Desmet P, Herremans M (2021). Waarnemingen.be - Non-native animal occurrences in Flanders and the Brussels Capital Region, Belgium. Version 1.25. Natuurpunt. Occurrence dataset https://doi.org/10.15468/k2aiak",,North America,TRUE,FALSE,FALSE,,,,9/8/2020,Loïc van Doorn,
"Lampropeltis (Fitzinger, 1843)",Animalia,Chordata,Reptilia,Squamata,Colubridae,Lampropeltis,genus,ICZN,Flanders,BE,present,introduced,casual,escape_pet | release_other,pet,otherIntentionalRelease,,2011,2014,Vogelbescherming Vlaanderen,,North America | South America,TRUE,FALSE,FALSE,,,,12/23/2020,Loïc van Doorn,
"Lampropeltis triangulum (Lacépède, 1789)",Animalia,Chordata,Reptilia,Squamata,Colubridae,Lampropeltis,species,ICZN,Flanders,BE,present,introduced,casual,escape_pet | release_other,pet,otherIntentionalRelease,,2010,2019,"Vanreusel W, Swinnen K, Gielen K, Vercayie D, Driessens G, Veraghtert W, Desmet P, Herremans M (2021). Waarnemingen.be - Non-native animal occurrences in Flanders and the Brussels Capital Region, Belgium. Version 1.25. Natuurpunt. Occurrence dataset https://doi.org/10.15468/k2aiak | Vogelbescherming Vlaanderen",,North America | Central America,TRUE,FALSE,FALSE,,,,9/8/2020,Loïc van Doorn,
"Lampropeltis triangulum hondurensis (K.L. Williams, 1978)",Animalia,Chordata,Reptilia,Squamata,Colubridae,Lampropeltis,subspecies,ICZN,Flanders,BE,present,introduced,casual,escape_pet | release_other,pet,otherIntentionalRelease,,2017,2023,"Vanreusel W, Swinnen K, Gielen K, Vercayie D, Driessens G, Veraghtert W, Desmet P, Herremans M (2021). Waarnemingen.be - Non-native animal occurrences in Flanders and the Brussels Capital Region, Belgium. Version 1.25. Natuurpunt. Occurrence dataset https://doi.org/10.15468/k2aiak",,Central America,TRUE,FALSE,FALSE,,,,9/17/2020,Loïc van Doorn,
"Lycodon capucinus (Boie, 1827)",Animalia,Chordata,Reptilia,Squamata,Colubridae,Lycodon,species,ICZN,Flanders,BE,present,introduced,casual,,,,,2013,2013,Vogelbescherming Vlaanderen,,Asia | Introduced elsewhere,TRUE,FALSE,FALSE,,,,12/23/2020,Loïc van Doorn,
"Pantherophis guttatus (Linnaeus, 1766)",Animalia,Chordata,Reptilia,Squamata,Colubridae,Pantherophis,species,ICZN,Flanders,BE,present,introduced,casual,escape_pet | release_other,pet,otherIntentionalRelease,,2010,2020,"Vanreusel W, Swinnen K, Gielen K, Vercayie D, Driessens G, Veraghtert W, Desmet P, Herremans M (2021). Waarnemingen.be - Non-native animal occurrences in Flanders and the Brussels Capital Region, Belgium. Version 1.25. Natuurpunt. Occurrence dataset https://doi.org/10.15468/k2aiak | Vogelbescherming Vlaanderen",,North America,TRUE,FALSE,FALSE,,,,9/8/2020,Loïc van Doorn,
"Pantherophis obsoletus (Say, 1823)",Animalia,Chordata,Reptilia,Squamata,Colubridae,Pantherophis,species,ICZN,Flanders,BE,present,introduced,casual,escape_pet | release_other,pet,otherIntentionalRelease,,2013,2020,https://www.hbvl.be/cnt/dmf20200724_95741235 | Vogelbescherming Vlaanderen,,North America,TRUE,FALSE,FALSE,,,,9/8/2020,Loïc van Doorn,
"Pituophis catenifer (Blainville, 1835)",Animalia,Chordata,Reptilia,Squamata,Colubridae,Pituophis,species,ICZN,Flanders,BE,present,introduced,casual,escape_pet | release_other,pet,otherIntentionalRelease,,2010,2010,Vogelbescherming Vlaanderen,,Mexico | USA | Canada,TRUE,FALSE,FALSE,,,,12/23/2020,Loïc van Doorn,
"Pituophis melanoleucus (Daudin, 1803)",Animalia,Chordata,Reptilia,Squamata,Colubridae,Pituophis,species,ICZN,Flanders,BE,present,introduced,casual,escape_pet | release_other,pet,otherIntentionalRelease,,2013,2013,Vogelbescherming Vlaanderen,,USA,TRUE,FALSE,FALSE,,,,12/23/2020,Loïc van Doorn,
"Spilotes pullatus (Linnaeus, 1758)",Animalia,Chordata,Reptilia,Squamata,Colubridae,Spilotes,species,ICZN,Flanders,BE,present,introduced,casual,escape_pet | release_other,pet,otherIntentionalRelease,,2010,2017,Vogelbescherming Vlaanderen,,Central America | South America,TRUE,FALSE,FALSE,,,,12/23/2020,Loïc van Doorn,
"Thamnophis (Fitzinger, 1843)",Animalia,Chordata,Reptilia,Squamata,Colubridae,Thamnophis,genus,ICZN,Flanders,BE,present,introduced,casual,escape_pet | release_other,pet,otherIntentionalRelease,,2012,2015,Vogelbescherming Vlaanderen,,Central America | South America,TRUE,FALSE,TRUE,,,,12/23/2020,Loïc van Doorn,
"Zamenis longissimus (Laurenti, 1768)",Animalia,Chordata,Reptilia,Squamata,Colubridae,Zamenis,species,ICZN,Flanders,BE,present,introduced,casual,stowaway_container | escape_pet | release_other,containerBulk,pet,otherIntentionalRelease,2016,2021,"Vanreusel W, Swinnen K, Gielen K, Vercayie D, Driessens G, Veraghtert W, Desmet P, Herremans M (2021). Waarnemingen.be - Non-native animal occurrences in Flanders and the Brussels Capital Region, Belgium. Version 1.25. Natuurpunt. Occurrence dataset https://doi.org/10.15468/k2aiak",,Europe | Asia,TRUE,FALSE,FALSE,,,,9/8/2020,Loïc van Doorn,
"Basiliscus plumifrons (Cope, 1876)",Animalia,Chordata,Reptilia,Squamata,Corytophanidae,Basiliscus,species,ICZN,Flanders,BE,present,introduced,casual,escape_pet | release_other,pet,otherIntentionalRelease,,2017,2017,SOS reptiel,,Central America,TRUE,FALSE,FALSE,,,,9/12/2020,Loïc van Doorn,
"Sistrurus (Garman, 1884)",Animalia,Chordata,Reptilia,Squamata,Crotalidae,Sistrurus,genus,ICZN,Flanders,BE,present,introduced,casual,escape_pet | release_other,pet,otherIntentionalRelease,,2011,2011,News article,,North America,TRUE,FALSE,FALSE,,,,9/8/2020,Loïc van Doorn,
"Anolis sagrei (Duméril and Bibron, 1837)",Animalia,Chordata,Reptilia,Squamata,Dactyloidae,Anolis,species,ICZN,Flanders,BE,present,introduced,casual,,,,,2018,2018,Vogelbescherming Vlaanderen,,Bahamas | Cuba | US | Introduced elsewhere,TRUE,FALSE,FALSE,,,,12/23/2020,Loïc van Doorn,
"Anolis (Daudin, 1802)",Animalia,Chordata,Reptilia,Squamata,Dactyloidae,Anolis,genus,ICZN,Flanders,BE,present,introduced,casual,escape_pet | release_other,pet,otherIntentionalRelease,,2018,2018,Own observation,,North America | Central America| South America,TRUE,FALSE,FALSE,,,,9/10/2020,Loïc van Doorn,
"Naja melanoleuca (Hallowell, 1857)",Animalia,Chordata,Reptilia,Squamata,Elapidae,Naja,species,ICZN,Flanders,BE,present,introduced,casual,contaminant_timber,timberTrade,,,2020,2020,https://www.hln.be/gent/baby-van-gevaarlijke-afrikaanse-boscobra-gevangen-in-houtbedrijf-haven~a053b826/ | SOS reptiel,,Africa,TRUE,FALSE,FALSE,,,,9/8/2020,Loïc van Doorn,
"Eublepharis macularius (Blyth, 1854)",Animalia,Chordata,Reptilia,Squamata,Eublepharidae,Eublepharis,species,ICZN,Flanders,BE,present,introduced,casual,escape_pet | release_other,pet,otherIntentionalRelease,,2012,2019,"Vanreusel W, Swinnen K, Gielen K, Vercayie D, Driessens G, Veraghtert W, Desmet P, Herremans M (2021). Waarnemingen.be - Non-native animal occurrences in Flanders and the Brussels Capital Region, Belgium. Version 1.25. Natuurpunt. Occurrence dataset https://doi.org/10.15468/k2aiak | News article | Vogelbescherming Vlaanderen | SOS reptiel",,Asia,TRUE,FALSE,FALSE,,,,9/8/2020,Loïc van Doorn,
"Gekko gecko (Linnaeus, 1758)",Animalia,Chordata,Reptilia,Squamata,Gekkonidae,Gekko,species,ICZN,Flanders,BE,present,introduced,casual,escape_pet | release_other,pet,otherIntentionalRelease,,2010,2012,Vogelbescherming Vlaanderen,,Asia | Introduced elsewhere,TRUE,FALSE,FALSE,,,,12/23/2020,Loïc van Doorn,
"Hemidactylus (Oken, 1817)",Animalia,Chordata,Reptilia,Squamata,Gekkonidae,Hemidactylus,genus,ICZN,Flanders,BE,present,introduced,casual,,,,,2013,2018,Vogelbescherming Vlaanderen,,,TRUE,FALSE,FALSE,,,,12/23/2020,Loïc van Doorn,
"Pachydactylus (Wiegmann, 1834)",Animalia,Chordata,Reptilia,Squamata,gekkonidae,Pachydactylus,genus,ICZN,Flanders,BE,present,introduced,casual,escape_pet | release_other,pet,otherIntentionalRelease,,2010,2019,Vogelbescherming Vlaanderen,,Africa,TRUE,FALSE,FALSE,,,,12/23/2020,Loïc van Doorn,
"Phelsuma (Gray, 1825)",Animalia,Chordata,Reptilia,Squamata,gekkonidae,Phelsuma,genus,ICZN,Flanders,BE,present,introduced,casual,escape_pet | release_other,pet,otherIntentionalRelease,,2013,2018,SOS reptiel | Vogelbescherming Vlaanderen | Own observation,,Madagascar,TRUE,FALSE,FALSE,,,,9/12/2020,Loïc van Doorn,
"Iguana iguana (Linnaeus, 1758)",Animalia,Chordata,Reptilia,Squamata,Iguanidae,Iguana,species,ICZN,Flanders,BE,present,introduced,casual,escape_pet | release_other,pet,otherIntentionalRelease,,2010,2019,"Vanreusel W, Swinnen K, Gielen K, Vercayie D, Driessens G, Veraghtert W, Desmet P, Herremans M (2021). Waarnemingen.be - Non-native animal occurrences in Flanders and the Brussels Capital Region, Belgium. Version 1.25. Natuurpunt. Occurrence dataset https://doi.org/10.15468/k2aiak | Vogelbescherming Vlaanderen",,Central America | South America,TRUE,FALSE,FALSE,,,,9/8/2020,Loïc van Doorn,
"Iguana (Laurenti, 1768)",Animalia,Chordata,Reptilia,Squamata,Iguanidae,Iguana,genus,ICZN,Flanders,BE,present,introduced,casual,escape_pet | release_other,pet,otherIntentionalRelease,,2013,2013,Vogelbescherming Vlaanderen,,,TRUE,FALSE,FALSE,,,,12/23/2020,Loïc van Doorn,
"Lacerta agilis (Linnaeus, 1758)",Animalia,Chordata,Reptilia,Squamata,Lacertidae,Lacerta,species,ICZN,Flanders,BE,present,introduced,casual,,,,,2017,2017,Firsthand accounts,,Europe,TRUE,FALSE,FALSE,,,,12/23/2020,Loïc van Doorn,
"Podarcis muralis (Laurenti, 1768)",Animalia,Chordata,Reptilia,Squamata,Lacertidae,Podarcis,species,ICZN,Flanders,BE,present,introduced,established,stowaway_other,transportStowaway,,,2004,2020,"Jooris, R. & Lehouck, M. (2007). De Muurhagedis in Vlaanderen. Natuur.focus 6(4):123-129 | Vogelbescherming Vlaanderen",presumably introduced as stowaway in transport of goods per train,Europe,TRUE,FALSE,FALSE,,,,4/18/2018,Tim Adriaens,
"Podarcis siculus (Rafinesque-schmaltz, 1810)",Animalia,Chordata,Reptilia,Squamata,Lacertidae,Podarcis,species,ICZN,Flanders,BE,present,introduced,established,stowaway_other,transportStowaway,,,2004,2023,Anonymus (2008). Hagedissen uit meer zuidelijke regio’s van Europa nu ook in Vlaanderen. Hyla flits 2008/3,,Southern Europe,TRUE,FALSE,FALSE,,,,4/18/2018,Tim Adriaens,
"Boaedon (Duméril, Bibron and Duméril, 1854)",Animalia,Chordata,Reptilia,Squamata,Lamprophiidae,Boaedon,genus,ICZN,Flanders,BE,present,introduced,casual,stowaway_container,containerBulk,,,2013,2020,SOS reptiel | Vogelbescherming Vlaanderen,,Africa,TRUE,FALSE,FALSE,,,,9/12/2020,Loïc van Doorn,
"Rhamphiophis (Peters, 1854)",Animalia,Chordata,Reptilia,Squamata,Lamprophiidae,Rhamphiophis,genus,ICZN,Flanders,BE,present,introduced,casual,escape_pet | release_other,pet,otherIntentionalRelease,,2015,2015,Vogelbescherming Vlaanderen,,Africa,TRUE,FALSE,FALSE,,,,12/23/2020,Loïc van Doorn,
"Natrix helvetica Lacépède, 1789",Animalia,Chordata,Reptilia,Squamata,Natricidae,Natrix,species,ICZN,Flanders,BE,present,introduced,established,release_landscape_improvement | release_conservation,landscapeImprovement,conservationOrWildlifeManagement,,1968,2020,Hyla werkgroep,,Europe,TRUE,FALSE,TRUE,,,,4/18/2018,Tim Adriaens,
"Natrix maura (Linnaeus, 1758)",Animalia,Chordata,Reptilia,Squamata,Natricidae,Natrix,species,ICZN,Flanders,BE,present,introduced,casual,contaminant_timber,timberTrade,,,2015,2019,Hyla database,Eke - Schelde Eke - Schelde t.h.v. Bolveerput (OV),Europe | Africa,TRUE,FALSE,TRUE,,,,3/9/2019,Tim Adriaens,
"Natrix tessellata (Laurenti, 1768)",Animalia,Chordata,Reptilia,Squamata,Natricidae,Natrix,species,ICZN,Flanders,BE,present,introduced,casual,stowaway_other,transportStowaway,,,2007,2014,"Jooris, R. & Lehouck, M. (2007). De Muurhagedis in Vlaanderen. Natuur.focus 6(4):123-129",vicinity of railway station of Leuven,Europe | Asia,TRUE,FALSE,TRUE,,,,10/15/2018,Tim Adriaens,
"Tarentola mauritanica (Linnaeus, 1758)",Animalia,Chordata,Reptilia,Squamata,Phyllodactylidae,Tarentola,species,ICZN,Flanders,BE,present,introduced,casual,stowaway_other,transportStowaway,,,2013,2022,"Vanreusel W, Swinnen K, Gielen K, Vercayie D, Driessens G, Veraghtert W, Desmet P, Herremans M (2021). Waarnemingen.be - Non-native animal occurrences in Flanders and the Brussels Capital Region, Belgium. Version 1.25. Natuurpunt. Occurrence dataset https://doi.org/10.15468/k2aiak | Vogelbescherming Vlaanderen",,Europe | Africa,TRUE,FALSE,FALSE,,,,9/8/2020,Loïc van Doorn,
"Antaresia childreni (Gray, 1842)",Animalia,Chordata,Reptilia,Squamata,Pythonidae,Antaresia,species,ICZN,Flanders,BE,present,introduced,casual,escape_pet | release_other,pet,otherIntentionalRelease,,2018,2018,Vogelbescherming Vlaanderen,,Australia,TRUE,FALSE,FALSE,,,,9/18/2020,Loïc van Doorn,
"Morelia spilota (Lacépède, 1804)",Animalia,Chordata,Reptilia,Squamata,Pythonidae,Python,species,ICZN,Flanders,BE,present,introduced,casual,escape_pet | release_other,pet,otherIntentionalRelease,,2013,2019,https://nnieuws.be/artikel/tapijtpython-zorgt-voor-paniek-pulle-vrijdagmorgen-gevonden | Vogelbescherming Vlaanderen,,Australia,TRUE,FALSE,FALSE,,,,9/8/2020,Loïc van Doorn,
"Python molurus (Linnaeus, 1758)",Animalia,Chordata,Reptilia,Squamata,Pythonidae,Python,species,ICZN,Flanders,BE,present,introduced,casual,escape_pet | release_other,pet,otherIntentionalRelease,,2010,2018,SOS reptiel | Vogelbescherming Vlaanderen,,Asia,TRUE,FALSE,TRUE,,,,9/12/2020,Loïc van Doorn,
"Python regius (Shaw, 1802)",Animalia,Chordata,Reptilia,Squamata,Pythonidae,Python,species,ICZN,Flanders,BE,present,introduced,casual,escape_pet | release_other,pet,otherIntentionalRelease,,2010,2020,"Vanreusel W, Swinnen K, Gielen K, Vercayie D, Driessens G, Veraghtert W, Desmet P, Herremans M (2021). Waarnemingen.be - Non-native animal occurrences in Flanders and the Brussels Capital Region, Belgium. Version 1.25. Natuurpunt. Occurrence dataset https://doi.org/10.15468/k2aiak | Vogelbescherming Vlaanderen",,Africa,TRUE,FALSE,FALSE,,,,9/8/2020,Loïc van Doorn,
"Python (Daudin, 1803)",Animalia,Chordata,Reptilia,Squamata,Pythonidae,Python,genus,ICZN,Flanders,BE,present,introduced,casual,escape_pet | release_other,pet,otherIntentionalRelease,,2016,2016,Vogelbescherming Vlaanderen,,,TRUE,FALSE,FALSE,,,,12/23/2020,Loïc van Doorn,
Chalcides ocellatus (Forskal 1775),Animalia,Chordata,Reptilia,Squamata,Scincidae,Chalcides,species,ICZN,Flanders,BE,present,introduced,casual,,,,,2017,2017,Vogelbescherming Vlaanderen,,Europe | Africa | Middle East,TRUE,FALSE,FALSE,,,,12/23/2020,Loïc van Doorn,
"Trachylepis striata (Peters, 1844)",Animalia,Chordata,Reptilia,Squamata,Scincidae,Trachylepis,species,ICZN,Flanders,BE,present,introduced,casual,,,,,2018,2019,Vogelbescherming Vlaanderen,,Africa,TRUE,FALSE,FALSE,,,,12/23/2020,Loïc van Doorn,
"Varanus niloticus (Linnaeus, 1766)",Animalia,Chordata,Reptilia,Squamata,Varanidae,Varanus,species,ICZN,Flanders,BE,present,introduced,casual,escape_pet | release_other,pet,otherIntentionalRelease,,2011,2018,Vogelbescherming Vlaanderen,,Africa,TRUE,FALSE,TRUE,,,,12/23/2020,Loïc van Doorn,
"Vipera aspis (Linnaeus, 1758)",Animalia,Chordata,Reptilia,Squamata,Viperidae,Vipera,species,ICZN,Flanders,BE,present,introduced,casual,stowaway_other,transportStowaway,,,2007,2007,News article,,Europe,TRUE,FALSE,FALSE,,,,9/8/2020,Loïc van Doorn,
"Gekkota (Cuvier, 1817)",Animalia,Chordata,Reptilia,Squamata,,,Infraorder,ICZN,Flanders,BE,present,introduced,casual,stowaway_container | escape_pet | release_other,containerBulk,pet,otherIntentionalRelease,2011,2019,SOS reptiel | Vogelbescherming Vlaanderen,,All continents except Antarctica,TRUE,FALSE,FALSE,,,,9/12/2020,Loïc van Doorn,
"Chelydra serpentina (Linnaeus, 1758)",Animalia,Chordata,Reptilia,Testudines,Chelydridae,Chelydra,species,ICZN,Flanders,BE,present,introduced,casual,escape_pet | release_other,pet,otherIntentionalRelease,,2006,2016,"Vanreusel W, Swinnen K, Gielen K, Vercayie D, Driessens G, Veraghtert W, Desmet P, Herremans M (2021). Waarnemingen.be - Non-native animal occurrences in Flanders and the Brussels Capital Region, Belgium. Version 1.25. Natuurpunt. Occurrence dataset https://doi.org/10.15468/k2aiak",,North America,TRUE,FALSE,TRUE,,,,9/8/2020,Loïc van Doorn,
"Chrysemys picta (Schneider, 1783)",Animalia,Chordata,Reptilia,Testudines,Emydidae,Chrysemys,species,ICZN,Flanders,BE,present,introduced,casual,escape_pet | release_other,pet,otherIntentionalRelease,,2009,2009,"Vanreusel W, Swinnen K, Gielen K, Vercayie D, Driessens G, Veraghtert W, Desmet P, Herremans M (2021). Waarnemingen.be - Non-native animal occurrences in Flanders and the Brussels Capital Region, Belgium. Version 1.25. Natuurpunt. Occurrence dataset https://doi.org/10.15468/k2aiak",,North America,TRUE,FALSE,TRUE,,,,9/8/2020,Loïc van Doorn,
"Chrysemys picta bellii (Gray, 1831)",Animalia,Chordata,Reptilia,Testudines,Emydidae,Chrysemys,subspecies,ICZN,Flanders,BE,present,introduced,casual,escape_pet | release_other,pet,otherIntentionalRelease,,2012,2012,"Vanreusel W, Swinnen K, Gielen K, Vercayie D, Driessens G, Veraghtert W, Desmet P, Herremans M (2021). Waarnemingen.be - Non-native animal occurrences in Flanders and the Brussels Capital Region, Belgium. Version 1.25. Natuurpunt. Occurrence dataset https://doi.org/10.15468/k2aiak",,North America,TRUE,FALSE,TRUE,,,,9/8/2020,Loïc van Doorn,
"Emys orbicularis (Linnaeus, 1758)",Animalia,Chordata,Reptilia,Testudines,Emydidae,Emys,species,ICZN,Flanders,BE,present,introduced,casual,escape_pet | release_other,pet,otherIntentionalRelease,,2010,2020,"Vanreusel W, Swinnen K, Gielen K, Vercayie D, Driessens G, Veraghtert W, Desmet P, Herremans M (2021). Waarnemingen.be - Non-native animal occurrences in Flanders and the Brussels Capital Region, Belgium. Version 1.25. Natuurpunt. Occurrence dataset https://doi.org/10.15468/k2aiak",,Europe | Africa | Asia,TRUE,FALSE,TRUE,,,,9/12/2020,Loïc van Doorn,
"Graptemys geographica (Lesueur, 1817)",Animalia,Chordata,Reptilia,Testudines,Emydidae,Graptemys,species,ICZN,Flanders,BE,present,introduced,casual,escape_pet | release_other,pet,otherIntentionalRelease,,2010,2014,Vogelbescherming Vlaanderen,,North America,TRUE,FALSE,FALSE,,,,12/23/2020,Loïc van Doorn,
"Graptemys ouachitensis (Cagle, 1953)",Animalia,Chordata,Reptilia,Testudines,Emydidae,Graptemys,species,ICZN,Flanders,BE,present,introduced,casual,escape_pet | release_other,pet,otherIntentionalRelease,,2018,2018,https://www.gbif.org/occurrence/download/0055570-200613084148143,,North America,TRUE,FALSE,TRUE,,,,9/8/2020,Loïc van Doorn,
"Graptemys pseudogeographica (Gray, 1831)",Animalia,Chordata,Reptilia,Testudines,Emydidae,Graptemys,species,ICZN,Flanders,BE,present,introduced,casual,escape_pet | release_other,pet,otherIntentionalRelease,,2010,2019,"Vanreusel W, Swinnen K, Gielen K, Vercayie D, Driessens G, Veraghtert W, Desmet P, Herremans M (2021). Waarnemingen.be - Non-native animal occurrences in Flanders and the Brussels Capital Region, Belgium. Version 1.25. Natuurpunt. Occurrence dataset https://doi.org/10.15468/k2aiak | Vogelbescherming Vlaanderen",,North America,TRUE,FALSE,TRUE,,,,9/8/2020,Loïc van Doorn,
"Graptemys pseudogeographica kohnii (Baur, 1890)",Animalia,Chordata,Reptilia,Testudines,Emydidae,Graptemys,subspecies,ICZN,Flanders,BE,present,introduced,casual,escape_pet | release_other,pet,otherIntentionalRelease,,2005,2018,"Vanreusel W, Swinnen K, Gielen K, Vercayie D, Driessens G, Veraghtert W, Desmet P, Herremans M (2021). Waarnemingen.be - Non-native animal occurrences in Flanders and the Brussels Capital Region, Belgium. Version 1.25. Natuurpunt. Occurrence dataset https://doi.org/10.15468/k2aiak | Vogelbescherming Vlaanderen",,North America,TRUE,FALSE,TRUE,,,,4/18/2018,Tim Adriaens,
"Graptemys pseudogeographica pseudogeographica (Gray, 1831)",Animalia,Chordata,Reptilia,Testudines,Emydidae,Graptemys,subspecies,ICZN,Flanders,BE,present,introduced,casual,escape_pet | release_other,pet,otherIntentionalRelease,,2005,2018,"Vanreusel W, Swinnen K, Gielen K, Vercayie D, Driessens G, Veraghtert W, Desmet P, Herremans M (2021). Waarnemingen.be - Non-native animal occurrences in Flanders and the Brussels Capital Region, Belgium. Version 1.25. Natuurpunt. Occurrence dataset https://doi.org/10.15468/k2aiak | Vogelbescherming Vlaanderen",,North America,TRUE,FALSE,TRUE,,,,4/18/2018,Tim Adriaens,
"Mauremys reevesii (Gray, 1831)",Animalia,Chordata,Reptilia,Testudines,Emydidae,Mauremys,species,ICZN,Flanders,BE,present,introduced,casual,escape_pet | release_other,pet,otherIntentionalRelease,,2014,2017,SOS reptiel | Vogelbescherming Vlaanderen,,Eastern Asia,TRUE,FALSE,TRUE,,,,9/12/2020,Loïc van Doorn,
"Mauremys (Gray, 1869)",Animalia,Chordata,Reptilia,Testudines,Emydidae,Mauremys,genus,ICZN,Flanders,BE,present,introduced,casual,escape_pet | release_other,pet,otherIntentionalRelease,,2018,2018,"Vanreusel W, Swinnen K, Gielen K, Vercayie D, Driessens G, Veraghtert W, Desmet P, Herremans M (2021). Waarnemingen.be - Non-native animal occurrences in Flanders and the Brussels Capital Region, Belgium. Version 1.25. Natuurpunt. Occurrence dataset https://doi.org/10.15468/k2aiak",,Europe | Asia,TRUE,FALSE,TRUE,,,,9/8/2020,Loïc van Doorn,
"Pseudemys concinna (Le Conte, 1830)",Animalia,Chordata,Reptilia,Testudines,Emydidae,Pseudemys,species,ICZN,Flanders,BE,present,introduced,casual,escape_pet | release_other,pet,otherIntentionalRelease,,2017,2017,"Vanreusel W, Swinnen K, Gielen K, Vercayie D, Driessens G, Veraghtert W, Desmet P, Herremans M (2021). Waarnemingen.be - Non-native animal occurrences in Flanders and the Brussels Capital Region, Belgium. Version 1.25. Natuurpunt. Occurrence dataset https://doi.org/10.15468/k2aiak",,North America,TRUE,FALSE,TRUE,,,,9/8/2020,Loïc van Doorn,
"Pseudemys rubriventris (LeConte, 1830)",Animalia,Chordata,Reptilia,Testudines,Emydidae,Pseudemys,species,ICZN,Flanders,BE,present,introduced,casual,escape_pet | release_other,pet,otherIntentionalRelease,,2015,2015,"Vanreusel W, Swinnen K, Gielen K, Vercayie D, Driessens G, Veraghtert W, Desmet P, Herremans M (2021). Waarnemingen.be - Non-native animal occurrences in Flanders and the Brussels Capital Region, Belgium. Version 1.25. Natuurpunt. Occurrence dataset https://doi.org/10.15468/k2aiak",,North America,TRUE,FALSE,TRUE,,,,9/8/2020,Loïc van Doorn,
"Terrapene carolina (Linnaeus, 1758)",Animalia,Chordata,Reptilia,Testudines,Emydidae,Terrapene,species,ICZN,Flanders,BE,present,introduced,casual,escape_pet | release_other,pet,otherIntentionalRelease,,2012,2012,Vogelbescherming Vlaanderen,,USA | Mexico,TRUE,FALSE,FALSE,,,,12/23/2020,Loïc van Doorn,
"Trachemys scripta (Thunberg In Schoepff, 1792)",Animalia,Chordata,Reptilia,Testudines,Emydidae,Trachemys,species,ICZN,Flanders,BE,present,introduced,casual,escape_pet | release_other,pet,otherIntentionalRelease,,1975,2020,"Vanreusel W, Swinnen K, Gielen K, Vercayie D, Driessens G, Veraghtert W, Desmet P, Herremans M (2021). Waarnemingen.be - Non-native animal occurrences in Flanders and the Brussels Capital Region, Belgium. Version 1.25. Natuurpunt. Occurrence dataset https://doi.org/10.15468/k2aiak | Vogelbescherming Vlaanderen",,North America,TRUE,FALSE,TRUE,,,,5/12/2018,Tim Adriaens,
"Trachemys scripta elegans (Wied, 1838)",Animalia,Chordata,Reptilia,Testudines,Emydidae,Trachemys,subspecies,ICZN,Flanders,BE,present,introduced,casual,escape_pet | release_other,pet,otherIntentionalRelease,,1975,2020,"Vanreusel W, Swinnen K, Gielen K, Vercayie D, Driessens G, Veraghtert W, Desmet P, Herremans M (2021). Waarnemingen.be - Non-native animal occurrences in Flanders and the Brussels Capital Region, Belgium. Version 1.25. Natuurpunt. Occurrence dataset https://doi.org/10.15468/k2aiak | Vogelbescherming Vlaanderen",,North America,TRUE,FALSE,TRUE,,,,4/18/2018,Tim Adriaens,
"Trachemys scripta scripta (Schoepff, 1792)",Animalia,Chordata,Reptilia,Testudines,Emydidae,Trachemys,subspecies,ICZN,Flanders,BE,present,introduced,casual,escape_pet | release_other,pet,otherIntentionalRelease,,1997,2020,"Vanreusel W, Swinnen K, Gielen K, Vercayie D, Driessens G, Veraghtert W, Desmet P, Herremans M (2021). Waarnemingen.be - Non-native animal occurrences in Flanders and the Brussels Capital Region, Belgium. Version 1.25. Natuurpunt. Occurrence dataset https://doi.org/10.15468/k2aiak | Vogelbescherming Vlaanderen",,North America,TRUE,FALSE,TRUE,,,,4/18/2018,Tim Adriaens,
"Trachemys scripta troostii (Holbrook, 1836)",Animalia,Chordata,Reptilia,Testudines,Emydidae,Trachemys,subspecies,ICZN,Flanders,BE,present,introduced,casual,escape_pet | release_other,pet,otherIntentionalRelease,,2003,2020,"Vanreusel W, Swinnen K, Gielen K, Vercayie D, Driessens G, Veraghtert W, Desmet P, Herremans M (2021). Waarnemingen.be - Non-native animal occurrences in Flanders and the Brussels Capital Region, Belgium. Version 1.25. Natuurpunt. Occurrence dataset https://doi.org/10.15468/k2aiak | Vogelbescherming Vlaanderen",,North America,TRUE,FALSE,TRUE,,,,4/18/2018,Tim Adriaens,
"Sternotherus carinatus (Gray, 1856)",Animalia,Chordata,Reptilia,Testudines,Kinosternidae,Sternotherus,species,ICZN,Flanders,BE,present,introduced,casual,escape_pet | release_other,pet,otherIntentionalRelease,,2020,2020,SOS reptiel,,North America,TRUE,FALSE,TRUE,,,,12/22/2020,Loïc van Doorn,
"Pelusios castaneus (Schweigger, 1812)",Animalia,Chordata,Reptilia,Testudines,Pelomedusidae,Pelusios,species,ICZN,Flanders,BE,present,introduced,casual,escape_pet | release_other,pet,otherIntentionalRelease,,2020,2020,SOS reptiel,,Africa,TRUE,FALSE,TRUE,,,,9/12/2020,Loïc van Doorn,
"Centrochelys sulcata (Miller, 1779)",Animalia,Chordata,Reptilia,Testudines,Testudinidae,Centrochelys,species,ICZN,Flanders,BE,present,introduced,casual,escape_pet | release_other,pet,otherIntentionalRelease,,2017,2017,Vogelbescherming Vlaanderen,,Africa,TRUE,FALSE,FALSE,,,,12/23/2020,Loïc van Doorn,
"Testudo graeca (Linnaeus, 1758)",Animalia,Chordata,Reptilia,Testudines,Testudinidae,Testudo,species,ICZN,Flanders,BE,present,introduced,casual,escape_pet | release_other,pet,otherIntentionalRelease,,2010,2020,"Vanreusel W, Swinnen K, Gielen K, Vercayie D, Driessens G, Veraghtert W, Desmet P, Herremans M (2021). Waarnemingen.be - Non-native animal occurrences in Flanders and the Brussels Capital Region, Belgium. Version 1.25. Natuurpunt. Occurrence dataset https://doi.org/10.15468/k2aiak | Vogelbescherming Vlaanderen",,Europe | Africa | Asia,TRUE,FALSE,FALSE,,,,9/8/2020,Loïc van Doorn,
"Testudo hermanni (Gmelin, 1789)",Animalia,Chordata,Reptilia,Testudines,Testudinidae,Testudo,species,ICZN,Flanders,BE,present,introduced,casual,escape_pet | release_other,pet,otherIntentionalRelease,,2013,2020,"Vanreusel W, Swinnen K, Gielen K, Vercayie D, Driessens G, Veraghtert W, Desmet P, Herremans M (2021). Waarnemingen.be - Non-native animal occurrences in Flanders and the Brussels Capital Region, Belgium. Version 1.25. Natuurpunt. Occurrence dataset https://doi.org/10.15468/k2aiak | Vogelbescherming Vlaanderen",,Europe,TRUE,FALSE,FALSE,,,,9/8/2020,Loïc van Doorn,
"Testudo (Linnaeus, 1758)",Animalia,Chordata,Reptilia,Testudines,Testudinidae,Testudo,genus,ICZN,Flanders,BE,present,introduced,casual,escape_pet | release_other,pet,otherIntentionalRelease,,2010,2019,Vogelbescherming Vlaanderen,,,TRUE,FALSE,FALSE,,,,12/23/2020,Loïc van Doorn,
"Apalone ferox (Schneider, 1783)",Animalia,Chordata,Reptilia,Testudines,Trionychidae,Apalone,species,ICZN,Flanders,BE,present,introduced,casual,escape_pet | release_other,pet,otherIntentionalRelease,,2020,2020,"Vanreusel W, Swinnen K, Gielen K, Vercayie D, Driessens G, Veraghtert W, Desmet P, Herremans M (2021). Waarnemingen.be - Non-native animal occurrences in Flanders and the Brussels Capital Region, Belgium. Version 1.25. Natuurpunt. Occurrence dataset https://doi.org/10.15468/k2aiak",,North America,TRUE,FALSE,TRUE,,,,9/8/2020,Loïc van Doorn,
"Lacerta strigata (Eichwald, 1831)",Animalia,Chordata,Reptilia,Squamata,Lacertidae,Lacerta,species,ICZN,Flanders,BE,present,introduced,casual,stowaway_container,containerBulk,,,2021,2021,Hyla werkgroep,,Asia,TRUE,FALSE,FALSE,,,,4/26/2021,Loïc van Doorn,
"Daboia palaestinae (Werner, 1938)",Animalia,Chordata,Reptilia,Squamata,Viperidae,Daboia,species,ICZN,Flanders,BE,present,introduced,casual,stowaway_container,containerBulk,,,2022,2022,"https://www.vrt.be/vrtnws/nl/2022/04/06/giftige-adder-pelt/#:~:text=De%20Palestijnse%20adder%20kroop%20rond,Belgi%C3%AB%20geen%20tegengif%20voor%20bestaat.&text=Dilissen%20Logistics%20in%20Pelt%20verwittigde,in%20een%20lading%20uit%20Isra%C3%ABl.",,Middle east,TRUE,FALSE,FALSE,,,,,Loïc van Doorn,
"Blanus (Wagler, 1830)",Animalia,Chordata,Reptilia,Squamata,Blanidae,Blanus,genus,ICZN,Flanders,BE,present,introduced,casual,,,,,2021,2021,personal communication,,Mediterranean,TRUE,FALSE,FALSE,,,,,Loïc van Doorn,
"Thamnophis sirtalis (Linnaeus, 1758)",Animalia,Chordata,Reptilia,Squamata,Colubridae,Thamnophis,genus,ICZN,Flanders,BE,present,introduced,casual,escape_pet | release_other,pet,otherIntentionalRelease,,2021,2021,Hyla werkgroep,,North America,TRUE,FALSE,TRUE,,,,,Loïc van Doorn,
"Xenopus laevis (Daudin, 1802)",Animalia,Chordata,Amphibia,Anura,Pipidae,Xenopus,species,ICZN,Wallonia,BE,present,introduced,established,escape_research| escape_pet | release_other,research,pet,otherIntentionalRelease,2006,2022,Natagora,,Africa,TRUE,FALSE,TRUE,,,,9/8/2020,Loïc van Doorn,
"Lithobates catesbeianus (Shaw, 1802)",Animalia,Chordata,Amphibia,Anura,Ranidae,Lithobates,species,ICZN,Wallonia,BE,present,introduced,established,escape_pet | release_other,pet,otherIntentionalRelease,,1992,2020,Natagora,,Eastern North America,TRUE,FALSE,TRUE,,,,9/8/2020,Loïc van Doorn,
"Pelophylax cf bedriagae (Camerano, 1882)",Animalia,Chordata,Amphibia,Anura,Ranidae,Pelophylax,species,ICZN,Wallonia,BE,present,introduced,established,escape_pet | release_other,pet,otherIntentionalRelease,,,2020,Natagora,,Eastern and Southeastern mediterranean basin,TRUE,FALSE,TRUE,,,,9/15/2020,Loïc van Doorn,
"Pelophylax ridibundus (Pallas, 1771)",Animalia,Chordata,Amphibia,Anura,Ranidae,Pelophylax,species,ICZN,Wallonia,BE,present,introduced,established,stowaway_other | escape_pet | release_other,transportStowaway,pet,otherIntentionalRelease,,2020,Natagora,,Europe | Asia,TRUE,FALSE,TRUE,,,,9/15/2020,Loïc van Doorn,
"Pogona vitticeps (Ahl, 1926)",Animalia,Chordata,Reptilia,Squamata,Agamidae,Pogona,species,ICZN,Wallonia,BE,present,introduced,casual,escape_pet | release_other,pet,otherIntentionalRelease,,,,Natagora,,Australia,TRUE,FALSE,FALSE,,,,9/16/2020,Loïc van Doorn,
"Boa constrictor (Linnaeus, 1758)",Animalia,Chordata,Reptilia,Squamata,Boidae,Boa,species,ICZN,Wallonia,BE,present,introduced,casual,escape_pet | release_other,pet,otherIntentionalRelease,,,2022,Natagora,,South America,TRUE,FALSE,FALSE,,,,9/16/2020,Loïc van Doorn,
"Lampropeltis getula californiae (Blainville, 1835)",Animalia,Chordata,Reptilia,Squamata,Colubridae,Lampropeltis,species,ICZN,Wallonia,BE,present,introduced,casual,escape_pet | release_other,pet,otherIntentionalRelease,,2019,2019,https://lameuse-namur.sudinfo.be/429768/article/2019-08-28/beaumont-les-pompiers-ont-capture-un-serpent,,North America,TRUE,FALSE,FALSE,,,,9/8/2020,Loïc van Doorn,
"Pantherophis guttatus (Linnaeus, 1766)",Animalia,Chordata,Reptilia,Squamata,Colubridae,Pantherophis,species,ICZN,Wallonia,BE,present,introduced,casual,escape_pet | release_other,pet,otherIntentionalRelease,,2014,2019,Natagora,,North America,TRUE,FALSE,FALSE,,,,9/8/2020,Loïc van Doorn,
"Pantherophis obsoletus (Say, 1823)",Animalia,Chordata,Reptilia,Squamata,Colubridae,Pantherophis,species,ICZN,Wallonia,BE,present,introduced,casual,escape_pet | release_other,pet,otherIntentionalRelease,,,,Natagora,,North America,TRUE,FALSE,FALSE,,,,9/16/2020,Loïc van Doorn,
"Crotalus atrox (Baird & Girard, 1853)",Animalia,Chordata,Reptilia,Squamata,Crotalidae,Crotalus,species,ICZN,Wallonia,BE,present,introduced,casual,escape_pet | release_other,pet,otherIntentionalRelease,,2019,2019,https://www.rtlnieuws.nl/nieuws/buitenland/artikel/4874306/belgische-brandweer-vindt-slangen-van-het-meest-giftige-soort,,North America,TRUE,FALSE,FALSE,,,,9/8/2020,Loïc van Doorn,
"Natrix tessellata (Laurenti, 1768)",Animalia,Chordata,Reptilia,Squamata,Natricidae,Natrix,species,ICZN,Wallonia,BE,present,introduced,casual,,,,,,,Natagora,,Europe | Asia,TRUE,FALSE,TRUE,,,,9/16/2020,Loïc van Doorn,
"Tarentola mauritanica (Linnaeus, 1758)",Animalia,Chordata,Reptilia,Squamata,Phyllodactylidae,Tarentola,species,ICZN,Wallonia,BE,present,introduced,casual,,,,,2015,2018,Natagora,,Europe | Africa,TRUE,FALSE,FALSE,,,,9/15/2020,Loïc van Doorn,
"Python regius (Shaw, 1802)",Animalia,Chordata,Reptilia,Squamata,Pythonidae,Python,species,ICZN,Wallonia,BE,present,introduced,casual,escape_pet | release_other,pet,otherIntentionalRelease,,,,Natagora,,Africa,TRUE,FALSE,FALSE,,,,9/16/2020,Loïc van Doorn,
"Emys orbicularis (Linnaeus, 1758)",Animalia,Chordata,Reptilia,Testudines,Emydidae,Emys,species,ICZN,Wallonia,BE,present,introduced,casual,escape_pet | release_other,pet,otherIntentionalRelease,,,,Natagora,,Europe | Africa | Asia,TRUE,FALSE,TRUE,,,,9/16/2020,Loïc van Doorn,
"Graptemys pseudogeographica (Gray, 1831)",Animalia,Chordata,Reptilia,Testudines,Emydidae,Graptemys,species,ICZN,Wallonia,BE,present,introduced,casual,escape_pet | release_other,pet,otherIntentionalRelease,,2013,2020,Natagora,,North America,TRUE,FALSE,TRUE,,,,9/15/2020,Loïc van Doorn,
"Trachemys scripta elegans (Wied, 1838)",Animalia,Chordata,Reptilia,Testudines,Emydidae,Trachemys,subspecies,ICZN,Wallonia,BE,present,introduced,casual,escape_pet | release_other,pet,otherIntentionalRelease,,2009,2018,Natagora,,North America,TRUE,FALSE,TRUE,,,,9/8/2020,Loïc van Doorn,
"Trachemys scripta scripta (Schoepff, 1792)",Animalia,Chordata,Reptilia,Testudines,Emydidae,Trachemys,subspecies,ICZN,Wallonia,BE,present,introduced,casual,escape_pet | release_other,pet,otherIntentionalRelease,,2010,2018,Natagora,,North America,TRUE,FALSE,TRUE,,,,9/8/2020,Loïc van Doorn,
"Trachemys scripta troostii (Holbrook, 1836)",Animalia,Chordata,Reptilia,Testudines,Emydidae,Trachemys,subspecies,ICZN,Wallonia,BE,present,introduced,casual,escape_pet | release_other,pet,otherIntentionalRelease,,2018,2018,Natagora,,North America,TRUE,FALSE,TRUE,,,,4/18/2018,Tim Adriaens,
"Testudo graeca (Linnaeus, 1758)",Animalia,Chordata,Reptilia,Testudines,Testudinidae,Testudo,species,ICZN,Wallonia,BE,present,introduced,casual,escape_pet | release_other,pet,otherIntentionalRelease,,2019,2020,Natagora,,Europe | Africa | Asia,TRUE,FALSE,FALSE,,,,9/8/2020,Loïc van Doorn,
"Testudo hermanni (Gmelin, 1789)",Animalia,Chordata,Reptilia,Testudines,Testudinidae,Testudo,species,ICZN,Wallonia,BE,present,introduced,casual,escape_pet | release_other,pet,otherIntentionalRelease,,,,Natagora,,Europe,TRUE,FALSE,FALSE,,,,9/16/2020,Loïc van Doorn,
"Podarcis liolepis (Boulenger, 1905)",Animalia,Chordata,Reptilia,Squamata,Lacertidae,Podarcis,species,ICZN,Wallonia,BE,present,introduced,casual,stowaway_other,transportStowaway,,,2011,2011,https://rainne.natagora.be/fileadmin/Rainne/Echo_des_rainettes/EDR_septembre_12.pdf,,France | Spain,TRUE,FALSE,FALSE,,,,4/26/2021,Loïc van Doorn,
"Hemidactylus turcicus (Linnaeus, 1758)",Animalia,Chordata,Reptilia,Squamata,Gekkonidae,Hemidactylus,species,ICZN,Wallonia,BE,present,introduced,casual,,,,,2009,2009,https://rainne.natagora.be/fileadmin/Rainne/Echo_des_rainettes/EDR_septembre_12.pdf,,Europe | Africa | Asia,TRUE,FALSE,FALSE,,,,4/26/2021,Loïc van Doorn,
"Thamnophis sirtalis (Linnaeus, 1758)",Animalia,Chordata,Reptilia,Squamata,Colubridae,Thamnophis,genus,ICZN,Wallonia,BE,present,introduced,casual,escape_pet | release_other,pet,otherIntentionalRelease,,2022,2022,Natagora,,North America,TRUE,FALSE,TRUE,,,,,Loïc van Doorn,
"Calotes (Cuvier, 1817)",Animalia,Chordata,Reptilia,Squamata,Agamidae,Calotes,genus,ICZN,Flanders,BE,present,introduced,casual,,,,,2022,2022,waarnemingen.be,,Asia,TRUE,FALSE,FALSE,,,,9/12/2020,Loïc van Doorn,
"Pantherophis spiloides (Duméril, Bibron and Duméril, 1854)",Animalia,Chordata,Reptilia,Squamata,Colubridae,Pantherophis,species,ICZN,Flanders,BE,present,introduced,casual,escape_pet | release_other,pet,otherIntentionalRelease,,2022,2022,SOS reptiel,,North America,TRUE,FALSE,FALSE,,,,10/13/2022,Loïc van Doorn,
"Dryophytes japonicus (Günther, 1859)",Animalia,Chordata,Amphibia,Anura,Hylidae,Dryophytes,species,ICZN,Flanders,BE,present,introduced,casual,stowaway_container,containerBulk,,,2021,2021,SOS reptiel,,Asia,TRUE,FALSE,TRUE,,,,10/13/2022,Loïc van Doorn,
"Trimeresurus albolabris (Gray, 1842)",Animalia,Chordata,Reptilia,Squamata,Crotalidae,Trimeresurus,species,ICZN,Flanders,BE,present,introduced,casual,stowaway_container,containerBulk,,,2021,2021,SOS reptiel,,Asia,TRUE,FALSE,FALSE,,,,10/13/2022,Loïc van Doorn,
"Ctenosaura similis (Gray, 1831)",Animalia,Chordata,Reptilia,Squamata,Iguanidae,Ctneosaura,species,ICZN,Flanders,BE,present,introduced,casual,stowaway_container,containerBulk,,,2021,2022,SOS reptiel,,Central America,TRUE,FALSE,FALSE,,,,10/13/2022,Loïc van Doorn,
"Dolichophis caspius (Gmelin, 1789)",Animalia,Chordata,Reptilia,Squamata,Colubridae,Dolichophis,species,ICZN,Flanders,BE,present,introduced,casual,stowaway_container,containerBulk,,,2021,2021,SOS reptiel,,Europe | Middle east,TRUE,FALSE,FALSE,,,,10/13/2022,Loïc van Doorn,
"Zamenis scalaris (Schinz, 1822)",Animalia,Chordata,Reptilia,Squamata,Colubridae,Zamenis,species,ICZN,Flanders,BE,present,introduced,casual,,,,,2023,2023,waarnemingen.be,,Europe,TRUE,FALSE,FALSE,,,,1/7/2023,Loïc van Doorn,
"Leptodeira ashmeadii (Hallowell, 1845)",Animalia,Chordata,Reptilia,Squamata,Colubridae,Leptodeira,species,ICZN,Flanders,BE,present,introduced,casual,stowaway_container,containerBulk,,,2023,2023,SOS reptiel,,Venezuela,TRUE,FALSE,FALSE,,,,1/7/2023,Loïc van Doorn,
"Lacerta bilineata (Daudin, 1802)",Animalia,Chordata,Reptilia,Squamata,Lacertidae,Lacerta,species,ICZN,Flanders,BE,present,introduced,established,escape_pet | release_other,pet,otherIntentionalRelease,,2006,2023,waarnemingen.be,,Europe,TRUE,FALSE,FALSE,,,,7/11/2023,Loïc van Doorn,
"Naja subfulva (Laurent, 1995)",Animalia,Chordata,Reptilia,Squamata,Elapidae,Naja,species,ICZN,Flanders,BE,present,introduced,casual,stowaway_container,containerBulk,,,2023,2023,SOS reptiel,,Africa,TRUE,FALSE,FALSE,,,,8/12/2023,Loïc van Doorn,
